order_id,customer_id,order_date,product_id,product_name,category,order_value,discount_pct,is_returned,ab_group,converted,retained_30d
O000001,C_1859714,2020-05-05,B00YQ6X8EO,"Herbivore - Natural Sea Mist Texturizing Salt Spray (Coconut, 8 oz)",All Beauty,29.62,0.07,0,control,1,1
O000002,C_1859714,2020-05-04,B081TJ8YS3,"All Natural Vegan Dry Shampoo Powder - Eco Friendly, Root Touch Up | Hair Powder Volumizer | For Brown Hair, Brunette and Dark Hair. (Brun + Application Brush) Two Goats Apothecary",All Beauty,55.37,0.06,0,control,0,1
O000003,C_1297247,2020-05-16,B097R46CSY,"New Road Beauty - Creamsicle - Variety 3 Pack Paraffin Wax - Peach, Vanilla & Mango - Moisturize and Smooths Skin - Nourishing and Provides Massage Therapy",All Beauty,18.62,0.19,0,treatment,1,0
O000004,C_8561720,2022-01-28,B09JS339BZ,"muaowig Ombre Body Wave Bundles 1B Grey Human Hair Bundles 8 10 12 inch Hair Weave Body Wave Brazilian Remy Hair Bundles Ombre Hair Extensions 3 Bundles By Muao,Grey Body Wave",All Beauty,14.0,0.12,1,control,1,0
O000005,C_8561720,2020-12-30,B08BZ63GMJ,"Yinhua Electric Nail Drill Kit Portable Professional Nail Drill Manicure Pen Shape Acrylic Nail Tools for Exfoliation Polishing with 6 Drill Bits and Sanding Bands for Home Salon (1 Set, green)",All Beauty,13.07,0.1,0,treatment,1,0
O000006,C_5846434,2020-08-27,B00R8DXL44,"China Glaze Nail Polish, Wanderlust 1381",All Beauty,6.86,0.0,0,treatment,1,1
O000007,C_6241138,2021-09-17,B099DRHW5V,"Disposable Facial Cotton Tissue, 100PCS Cotton Towels Face Cleansing Wipes for Sensitive Skin, Makeup Remover Washcloth Dry and Wet Use",All Beauty,9.78,0.1,0,control,0,0
O000008,C_3443107,2021-10-15,B08BBQ29N5,Niseyo new Faux Locs 24 Inch Crochet Hair 6 Packs 120 Strands Long Soft Ombre Natural Crochet Braids (24'' 6Pcs T27),All Beauty,7.17,0.18,0,treatment,1,0
O000009,C_8120791,2021-07-27,B08P2DZB4X,NIRA Skincare Laser & Serum Bundle - Includes Anti-Aging Laser & Hyaluronic Acid Serum - Reduces Appearance of Fine Lines & Wrinkles - FDA Cleared,All Beauty,22.43,0.0,0,control,1,1
O000010,C_8120791,2021-07-18,B086QY6T7N,"Caroline Keller Keratin Shampoo for dry and damaged hair and scalp. With Argan oil, Avocado oil Keratin and Vitamins. Specially formulated for Post Keratin Treatments. Salt Free. 16.9 fl.Oz",All Beauty,24.4,0.0,0,control,0,0
O000011,C_8120791,2021-07-13,B08DHTJ25J,"Orange Peel Nature's Cleanse Facial Scrub - by Visage Pure - USDA Organic - Physician Formulated - Research Supported - Natural Exfoliating, Refreshing, Brightening, Skin Tightening Vitamin C Scrub. Cleans the Pores Deeply and Refreshes the Skin Bringing Back Its Glow",All Beauty,13.61,0.06,0,control,0,0
O000012,C_8120791,2021-05-16,B07RBSLNFR,"OGANA CELL Peptide Concentrating Amazing Lotion 2.03 fl.oz. (60ml) - 650ppm Peptide Contained Mild Moisturizing Facial Lotion, Hypoallergenic Natural Ingredients for Sensitive Skin",All Beauty,63.75,0.08,0,control,1,0
O000013,C_8120791,2021-04-29,B07SLFWZKN,Keratin Secrets Do It Yourself Home Keratin System,All Beauty,39.81,0.14,0,treatment,1,0
O000014,C_8120791,2021-04-08,B08JTNQFZY,GAINWELL,All Beauty,23.4,0.0,0,treatment,1,1
O000015,C_8120791,2021-02-14,B08GLG6W8T,Hanhoo Red pomegranate 6pcs Skin Care Set (6pcs/set),All Beauty,22.18,0.13,0,treatment,0,1
O000016,C_8120791,2020-12-07,B08M3C6LVS,"24K Gold Under Eye Mask– 20 Pairs- Under Eye Patches with Face Massager Roller, Anti-Aging Hyaluronic Acid Collagen Eye Masks for Dark Circles and Puffiness Dark Under Eyes Treatment",All Beauty,17.64,0.06,0,treatment,1,0
O000017,C_8120791,2020-08-23,B07GHPCT6T,Bellezza Versa Styler 1 Inch Titanium Plates Flat Iron Twisted Hair Straighteners (Blush Pink),All Beauty,14.04,0.05,0,control,0,0
O000018,C_8120791,2020-08-03,B07KG1TWP5,"Organic Bamboo Cotton Ear Swabs by Bali Boo - 200 - Natural Wooden Qtips Cotton Swabs for Cleaning Ears, Baby or Makeup and Nails - Sustainable & Vegan Buds Sticks - Eco Friendly & Biodegradable",All Beauty,28.29,0.0,0,control,0,0
O000019,C_8120791,2020-06-28,B07W397QG4,Iryasa Night Indulge Cream - Natural Face Cream for Dry Skin - Vegan Anti Aging Night Cream for Women - Firming Cream for Face and Neck - Organic Vitamin C Moisturizer for Face - 1.7oz,All Beauty,17.38,0.03,0,treatment,0,0
O000020,C_8120791,2019-01-15,B07GDQPG12,Spa Grade Jade Roller for Face with Gua Sha | Jade Face Roller Massager | Jade Facial Roller | Face Roller Massager | Jade Rollers | Wrinkle Roller,All Beauty,35.02,0.15,0,control,0,1
O000021,C_8120791,2019-01-15,B07J3GH1W1,"Manicure and Pedicure Nail Clipper from POWERGROOMING - Powerful Trimmer for Thick and Thin Finger Nails and Toe Nails - Included Nail File and""Catcher"" for Easy Cleanup (1 Pack)",All Beauty,17.3,0.1,0,treatment,0,1
O000022,C_8120791,2017-10-23,B01M7UMAUG,"Philips Sonicare Essence+ Gum Health & Airfloss Rechargeable Electric Flosser, Bundle Value Pack, HX8218/02",All Beauty,14.12,0.07,0,control,1,0
O000023,C_8120791,2014-07-03,B00JMDPK8S,"Panasonic EW-DL82 Sonic Vibration Rechargeable Electric Toothbrush, White",All Beauty,9.49,0.14,0,treatment,0,0
O000024,C_8744211,2016-10-06,B01ETWL5B2,Beauty Brags Mini Nail Polish 10-Piece Collection Set,All Beauty,18.39,0.15,0,control,1,0
O000025,C_8624513,2020-01-09,B07ZJKVVLW,"4 Point Eyebrow Pen, Micro Ink Tat Brow Pen Waterproof Eyebrow Pencil With Micro-Fork Tips for Daily Natural Eye Brown Makeup (Dark Brown/ Chestnut)",All Beauty,7.92,0.03,0,control,0,0
O000026,C_5442208,2020-03-21,B082QX2HP6,2 Pieces Hair Brush Cleaner Cleaning Tool Comb Cleaner Hair Brush Cleaner Comb Brushes Mini Hair Dirt Remover Brush with Metal Wire Rake Wooden Handle for Home and Salon Use (Black),All Beauty,60.7,0.08,0,control,1,0
O000027,C_5442208,2018-03-26,B077SRDVG9,Original Detangler Hair Brush,All Beauty,3.49,0.14,0,control,1,0
O000028,C_5442208,2017-07-23,B01AKTGHFW,"Charcoal Konjac Face Sponge 3 pk | Acne, Psoriasis, Bumpy Skin & Ingrown Hairs",All Beauty,14.65,0.09,0,treatment,0,0
O000029,C_6031039,2020-10-19,B079SMVSYW,Yellow Brick Road 1lb Shea Butter/1lb Cocoa Butter Combo,All Beauty,18.85,0.1,0,treatment,1,0
O000030,C_0871699,2020-05-17,B07K8VTT6M,Bromley's 7 Blade Classic Razor - 1 Razor,All Beauty,15.07,0.02,0,control,0,1
O000031,C_1123644,2021-05-18,B083BDVS36,"Adofect 31 Pairs Gold Eye Mask Collagen Eye Gel Pads Under Eye Mask for Puffiness and Dark Circle Under Eye Patches for Women and Men, Gold",All Beauty,8.76,0.14,0,treatment,1,1
O000032,C_6925480,2019-09-11,B09FP8PP2K,"Yeshan bow Headbands for women Non Slip Stretchy Hair Bands Elastic Headwraps Knotted Headband Wired Rabbit Ears Turban Headbands,Pack of 8",All Beauty,11.86,0.04,0,treatment,1,0
O000033,C_6259726,2023-02-08,B0BFR5WF1R,Halo Hair Extensions Thick Invisible Wire Hair Extension with Transparent Headband Hairpieces 4 Types Adjustable Headwidth Size Wavy Curly Long 18 Inches Artificial Human Hair Hairpiece for Women Girls Heat-resistant Fiber with 2 Pcs Removable Secure Clips 145g(5.11oz) (Golden Blonde Mix Bleach Blonde Highlights),All Beauty,19.25,0.15,0,treatment,1,0
O000034,C_6259726,2020-08-08,B00946HGLW,1/8 inch Snap On Rollers 8 Pack (Pink),All Beauty,5.49,0.06,0,control,1,0
O000035,C_6259726,2020-06-18,B082FLP15V,"Replacement Discs for Bellasonic 4-in-1 Rechargeable Electric Nail File Set with Patented Oscillating Head – Shape, Smooth, Buff & Shine Nails | Remove Cuticles & Calluses (1 Set)",All Beauty,7.83,0.1,0,control,1,1
O000036,C_6259726,2014-07-22,B0020MKBNW,Wet-Nap Moist Towelette (case of 1000),All Beauty,52.44,0.08,0,treatment,1,0
O000037,C_1863652,2020-12-25,B00023J4AW,Premium Life Rain Hat With Full Visor,All Beauty,4.68,0.0,0,control,1,0
O000038,C_1863652,2017-03-18,B005IYYF5E,"Shower Cap - Blue Dot Pattern, Vinyl material, elastic band, extra large, large, won’t fall off your head,",All Beauty,3.65,0.06,0,control,0,0
O000039,C_5274021,2019-12-30,B0B96MFXSJ,"PURE ORIGINAL INGREDIENTS Vegetable Glycerin (16 fl oz) Food Grade, Vegan, Hypoallergenic, Odorless, Colorless",All Beauty,16.18,0.07,0,control,1,1
O000040,C_1804124,2022-04-10,B01M5KNSQN,"NYX Eyebrow Shaper, 1 Count",All Beauty,69.9,0.09,0,treatment,1,0
O000041,C_1261882,2020-12-09,B07KDNK11M,"Chialstar (2 Pack) Shampoo Brush | Hair Scalp Massager, Soft Silicone Scalp Care Brush [Wet & Dry] Perfect for Men, Women, Kids and Pets (Pink/Green)",All Beauty,21.12,0.0,0,control,0,0
O000042,C_1261882,2020-11-25,B08DLGCYK8,"ZYNERY 10 Pack Button Headbands for Nurses Doctors - Non Slip Knotted Elastic Twisted Head Wrap, Wide Headbands with Ear Loop Holder Buttons for Women Girls Ears Protection (B)",All Beauty,17.11,0.25,0,control,1,0
O000043,C_9869715,2021-06-12,B081GCFHPG,Bow Hair Band Lovely Rabbit Ears Soft Carol Fleece Bowknot Makeup Cosmetic Shower Elastic Hairlace Headband(pink),All Beauty,23.1,0.08,0,treatment,1,0
O000044,C_4224434,2020-03-23,B07H8Z3SMK,ALICE False Eyelashes Natural Wispy Lashes 5 Pairs Multipack,All Beauty,42.52,0.13,0,treatment,0,1
O000045,C_3248344,2020-10-25,B08C9LZQN4,"6 Pack 50ml/1.7oz Travel Plastic Clear Keychain Bottles, Leakproof Refillable Empty Bottles Portable Squeeze Containers with 6Pcs Carabiner and 2Pcs Funnels",All Beauty,9.23,0.18,0,treatment,1,0
O000046,C_8377016,2020-12-31,B07H281V4V,"ZOYA All Snuggled Up Quad,4 Count (Pack of 1)",Premium Beauty,17.92,0.12,0,control,1,1
O000047,C_9537824,2022-04-01,B09FF97RHL,"24 Eyebrow stencil , Meilala Eyebrow Shaper Kit ,Reusable Eyebrow Template Eye Brown Shape Kit With Eyebrow Razor…",All Beauty,11.26,0.04,0,control,1,0
O000048,C_2567953,2020-02-28,B07Y5QX37B,DAWEIF Crystal Rhinestone Bowknot Barrette French Bridal Hair Clips Hairpin Headwear for Women Girls,All Beauty,16.07,0.0,0,treatment,0,1
O000049,C_2567953,2020-02-28,B07XYXSYCD,Rhinestones Bobby Pins Silver Plated Words Letter Crystal Hair Pins Metal Hair Clips Hair Barrettes Sparkly Hair Accessories 3PCS (3PCS),All Beauty,9.36,0.11,0,treatment,1,1
O000050,C_4233690,2019-06-08,B07NSR3CKR,"Foot Peel Mask Exfoliating (3 pairs) - Foot Peeling Mask (2 pairs) & Moisturizing Foot Mask (1 pairs), Make Your Feet Baby Soft, Peel Away Calluses and Dead Skin for Women & Men",All Beauty,57.83,0.03,0,control,0,0
O000051,C_4233690,2017-02-01,B07CJWG8SP,"Cotton Headbands 6 Pack Stretch Elastic Yoga Soft and Stretchy Sports Fashion Headband for Teens Women Girls by Kenz Laurenz (6 pc 2"" Cotton Headbands-Neutral)",All Beauty,11.13,0.14,0,treatment,0,0
O000052,C_4233690,2016-11-10,B018F28B1Y,Merit Advanced Eye Serum,All Beauty,19.3,0.17,0,treatment,0,1
O000053,C_6752890,2019-06-28,B01HO1ZB7Y,KeyZone Waterproof Drawing Eye Brow Eyebrow Pencil No.4 Grey,All Beauty,23.58,0.1,0,treatment,1,1
O000054,C_7476582,2021-12-30,B0040NQBAG,S. FERRAGAMO Subtil Homme Edt Spray 3.3 OZ,All Beauty,29.21,0.0,0,control,1,1
O000055,C_7476582,2019-09-11,B00JNI1DZQ,Eyelash Curler by Bella and Bear - Your New Lash Curlers Include a Storage Bag and Extra Refill Pads - Curl and Shape Your Eyelashes Without Pinching or Pulling,All Beauty,28.47,0.1,0,control,0,1
O000056,C_1559657,2022-07-03,B07T2L6JQR,Tea Tree Lemon Sage Thickening Liter Duo Set,Premium Beauty,73.38,0.1,0,treatment,0,0
O000057,C_2395285,2021-08-17,B095SC4J8T,"Rhinestones for Acrylic Nails, Nail Gems Jewels Crystals 7660Pcs Red Flatback Nail Rhinestones Mutil Shapes Sizes for Nail Art Design, Non-Hotfix Rhinestones Kit with Tweezers Storage Box",All Beauty,22.24,0.1,0,treatment,1,0
O000058,C_2395285,2020-08-31,B087JNH3NC,"Clear Stiletto Nails 1000pcs Long Half Cover False Fake Nails Art Tips for Nail Salons and DIY Nail Art at Home, 10 Sizes",All Beauty,61.69,0.11,0,treatment,0,0
O000059,C_2395285,2020-03-26,B07SQ8193F,WillingTee 12 Pack Boho Headbands for Women Vintage Flower Printed Criss Cross Elastic Head Wrap Twisted Cute Hair Accessories,All Beauty,35.26,0.01,0,treatment,1,0
O000060,C_8280746,2021-12-31,B09CQ4PXLN,"Sonic Facial Cleansing Brush, Electric Silicone Face Brush and Massager, Waterproof Silicone Face Scrubber for Deep Cleansing, Exfoliating, Blackhead Removing, Rechargeable,for Girls Gifts",All Beauty,48.87,0.02,0,treatment,1,0
O000061,C_8280746,2020-08-30,B08DXDLR3P,3D Mask Bracket - Internal Support Holder Frame Nose Breathing Smoothly - Protect Lipstick Lips - DIY Face Mask Accessories - 5Pcs (L-Adult),All Beauty,27.81,0.14,0,control,1,1
O000062,C_8280746,2020-07-23,B0875V791H,"Magic Hair Curlers Spiral Curls Styling Kit, 20 PCS No Heat Wave Hair Curlers with 2 Styling Hook for Long Hair Most Kinds of Hairstyles (50cm)",All Beauty,17.38,0.03,0,control,0,1
O000063,C_8280746,2019-05-24,B07LBK2YQX,"Schick Bare By Schick Dermaplaning Tool With 2 Dermaplaning Razors and 1 Cleaning Brush, 2 Count",All Beauty,12.39,0.07,0,treatment,0,0
O000064,C_8280746,2018-10-06,B07FX94GYX,"Pore Strips, Blackhead Remover Charcoal Nose Strips Deep Cleansing 24 Strips",All Beauty,22.87,0.14,0,control,1,0
O000065,C_0796126,2021-04-15,B08CXFDDV8,Sailor Moon x Colourpop Collection - From The Moon - Pressed Powder Blush (From The Moon),All Beauty,17.71,0.18,0,treatment,1,0
O000066,C_0796126,2020-07-11,B015RR870U,"Herbivore - Natural Sea Mist Texturizing Salt Spray (Coconut, Travel Size 2 oz)",All Beauty,108.57,0.12,1,control,1,0
O000067,C_0796126,2018-10-17,B000OQFVLS,"ONOX Foot Solution Spray, 4 oz",All Beauty,15.23,0.01,0,control,1,1
O000068,C_7967011,2021-07-12,B00C0YZBJE,Salerm Color Reverse,All Beauty,19.6,0.06,0,treatment,1,0
O000069,C_5614564,2022-09-14,B0B8DZ7H5F,"Frankies Bikinis Lip Butter Gloss, Sleeping Vegan Lip Mask Overnight, Moisturizing Lip Plumper, Vitamin E Lip Balm Moisturizer, Hydrating Lip Oil with Cocoa Butter, Made in USA, Guava 0.7 Ounces",All Beauty,18.61,0.11,0,treatment,0,0
O000070,C_5614564,2022-08-13,B0B4JP5YD9,"ELLI K ESSENTIAL SINCERITY FROM AZ TIME REVERSE CREAM - Made in USA - Anti-Aging Face Moisturizer for Dry & Rough Skin – Repairing Treatment Cream – Highly Concentrated Formula, 1.76 oz.",All Beauty,12.46,0.0,0,treatment,1,0
O000071,C_5614564,2022-08-13,B0B4JPGX8P,"Elli K Essential Sincerity From AZ Time Reverse Double Ampoule – Made in USA - Double Layering Serum – Repairing & Deep Hydrating – Oil and Cream Formula for Healthy and Smooth Skin, (2.02 fl.oz.)",All Beauty,32.61,0.09,0,control,1,0
O000072,C_5614564,2022-02-08,B09KT4RJG6,"Simply Dana Rivitastore Neck Firming Cream — Skin Firming Cream for Tightening Neck, Jawline, and Chest, Collagen Peptides, and Squalane Cream for Wrinkles, Sagging, and Dryness",All Beauty,20.94,0.11,0,treatment,1,0
O000073,C_5614564,2021-08-19,B07KQ32Z8C,"APIVITA Queen Bee Holistic Age Defense Night Cream 1.69 fl.oz. |Intensive Night Treatment That Speeds Skin Regeneration, Smooths Wrinkle & Increases Skin Elasticity with Royal Jelly & Hyaluronic Acid",Premium Beauty,21.02,0.08,0,control,0,1
O000074,C_5614564,2021-08-08,B08PQ6YXSH,Dose of Colors Cold Pressed Booster Multi-Use Oil 1oz,Premium Beauty,41.4,0.11,0,treatment,1,0
O000075,C_5614564,2021-06-09,B07W6H8CGT,"Little Moon Essentials Tropical Bath & Shower Sugar Exfoliant, Beach All You Want, 2 oz.",All Beauty,34.99,0.15,1,treatment,1,1
O000076,C_5614564,2021-06-08,B0BTJ6SYKB,"Shakira Perfumes - Dance for Women - Long Lasting - Femenine, Charming and Modern Perfume - Fruity Floral Notes - Ideal for Day Wear - 1.7 Fl Oz",All Beauty,29.94,0.01,0,control,0,0
O000077,C_5614564,2021-02-25,B08KYLTK5H,"MORe di Croatia Eye Cream - Dubrovnik Gold Anti Aging Eye Cream for Wrinkles and Fine Lines, Reduce Puffiness and Dark Circles, Hyaluronic Acid and Immortelle 15ml",All Beauty,13.6,0.12,0,treatment,1,0
O000078,C_5614564,2021-01-08,B08KWN77LW,"GENSKIN Generation Skin Hydrating Marine Algae Eye Patches | Hydrate, Plump, Brighten Eye Area 180g/6.34 Oz - 30 pairs",All Beauty,23.5,0.35,0,treatment,1,1
O000079,C_5614564,2020-12-12,B08HXQ3T9K,"invisibobble Sprunchie Spiral Hair Ring - True Black - Scrunchie Stylish Bracelet, Strong Elastic Grip Coil Accessories for Women - Gentle for Girls Teens and Thick Hair",All Beauty,10.2,0.16,0,control,0,0
O000080,C_5614564,2020-11-20,B0B2L218H2,"PINROSE Perfumes Bold Soul - Eau de Parfum Petals (Fragrance Towelettes) - Vegan, Cruelty-free, and Hypoallergenic Scent with Essential Oils - Notes of Crushed Blackberry, Tuberose, Vanilla, Cinnamon and Patchouli",All Beauty,8.54,0.13,0,treatment,1,0
O000081,C_5614564,2020-11-19,B0B2L218H2,"PINROSE Perfumes Bold Soul - Eau de Parfum Petals (Fragrance Towelettes) - Vegan, Cruelty-free, and Hypoallergenic Scent with Essential Oils - Notes of Crushed Blackberry, Tuberose, Vanilla, Cinnamon and Patchouli",All Beauty,8.3,0.13,0,treatment,1,1
O000082,C_5614564,2020-11-13,B08FRQGYDF,SeroVital Super Saturated Restoring Cleansing Cloths - Cleansing Face Wipes with Green Tea and Hyaluronic Acid - Makeup Remover Wipes - 1 Pack 15 Ct,All Beauty,18.17,0.05,0,treatment,1,0
O000083,C_5614564,2020-08-20,B08BZ1RHPS,"MD Complete Bright & Healthy Vitamin C+ Vitalizing Face Serum| with Vitamin C, Vitamin E and Herbal Extracts | Potent Antioxidant Protection, Nourishes, Brightens and Evens Skin 0.5 fl oz",All Beauty,104.06,0.0,0,treatment,0,0
O000084,C_5614564,2020-08-15,B085NYYLQ8,Caudalie Favorites Set,Premium Beauty,7.87,0.05,0,treatment,0,0
O000085,C_5614564,2020-06-26,B085WTCBLG,Senvenski Gel Nail Polish Red Rose Burgundy Purple Mauve Lavender Violets Lilac White Black Glitter Starrily Girlfriend Gift Soak Off UV LED Manicure Art Varnish Set DIY at Home 6 Colors (CS6-015),All Beauty,22.16,0.0,0,treatment,1,0
O000086,C_5614564,2020-06-25,B088FBNQXW,MainBasics Headband with Buttons for Face Masks (Gray),All Beauty,33.93,0.03,0,treatment,0,0
O000087,C_5614564,2020-06-12,B087D7MVHB,"2-Pack Puretize 16.9 Oz Hand Sanitizing Gel w/Pump Tops - Extra Strength 70% Ethyl Alcohol - Moisturizing Formula with Aloe Vera, Vitamin E & Botanical Extracts - Quick Drying Formula",All Beauty,25.04,0.03,0,treatment,1,0
O000088,C_5614564,2020-05-07,B07PRDZ2BH,"LUA SKINCARE Clarity Calming Face Oil, 1 FZ",All Beauty,33.89,0.0,0,treatment,1,0
O000089,C_5614564,2020-03-26,B083TLNBJJ,"BE PLAIN Vitamin Ampoule 1.01 fl oz. - Korean Multi Vitamin Serum for Face with Vitamin B, Vitamin C, Vitamin E, Hyaluronic Acid",All Beauty,11.83,0.14,0,control,1,1
O000090,C_5614564,2020-03-11,B082NKQ4ZT,6 Pack Soft Headband BEoffer Coral Fleece Women Makeup Spa Head Bands Turban Fashion Bow Bowknot Hairlace Headwear Wash Face Hair Holder Elastic Top Knot Bandage Girl Baby Hair Accessories 6 Colors,All Beauty,19.07,0.12,0,treatment,1,0
O000091,C_5614564,2020-02-29,B084D86YL8,MD Complete Bright & Healthy Citrus-C Refresh Retinol + Vitamin C Multitasking Treatment,All Beauty,9.29,0.06,0,control,0,0
O000092,C_5614564,2020-02-15,B07WNBZQGT,SERUM By MERLOT - RESVERATROL - NATURAL ANTI-AGING - DAMAGE CORRECTOR - BOOST COLLAGEN - 1 FL OZ. - DARK CIRCLE CORRECTOR -,All Beauty,11.9,0.2,0,control,0,0
O000093,C_5614564,2020-02-03,B07SW7D6ZR,"Kale Firm & Smooth Body Lotion - Superfood Infused Firming Body Lotion with Kale. 6.8 fl.oz, Anti-Aging Moisturizing Lotion For All Skin Types",All Beauty,9.48,0.14,0,control,0,1
O000094,C_5614564,2020-01-18,B07JDD2L3M,"Kerotin Hairspray - Flexible Hold & Volume with Provitamin B5 - Heat Protectant, Frizz Ease, Weightless Hair Spray",All Beauty,42.17,0.0,0,treatment,1,0
O000095,C_5614564,2020-01-18,B082MTTFZD,"Wow the Crowd Eyelash Growth Serum for Full, Luscious, Long and Thick Lashes - Natural Formula (7mL), Clinically and Dermatologist Tested - Boost and Enhance Eyelashes and Brows",All Beauty,50.37,0.03,0,control,1,1
O000096,C_5614564,2020-01-13,B07NPWK167,"13.5 fl. Oz. Goat Milk Facial Cleanser, Moisturizing Face Wash for Women, Hydrating Natural Face Wash, Anti-aging Face Wash, Face Wash for Aging Ski",All Beauty,13.12,0.13,0,treatment,1,0
O000097,C_5614564,2019-12-22,B07J2QZBTP,"C.O. Bigelow No. 007 Dr Hiosous Quince Hand Lotion, 4 Ounces",All Beauty,20.05,0.0,0,control,0,0
O000098,C_5614564,2019-07-08,B07N45YN6C,&&&&&&&&&&&&&&&&&&&&&&&&&&&&&&,All Beauty,20.69,0.0,0,control,0,0
O000099,C_5614564,2019-02-19,B077YR3333,"Anti-Aging Hydrating Serum with Natural Mango Micro-beads, Vitamins E and C, Natural and Organic Plant Extracts, Paraben-Free, 30 ml, Made in France, Phytema",All Beauty,8.39,0.05,0,control,0,1
O000100,C_5614564,2019-01-21,B07FZ5HZLM,[Old Version] QuickBooks Desktop Pro 2019 with Enhanced Payroll [PC Disc],All Beauty,60.6,0.0,0,control,1,1
O000101,C_5614564,2019-01-10,B07KV31WDS,3 Pack Hair Towel Wrap Turban Microfiber Drying Bath Shower Head Towel with Buttons - Quick Magic Dryer Dry Hair Hat Wrapped Bath Cap,All Beauty,22.74,0.01,0,treatment,0,1
O000102,C_5614564,2018-12-20,B07GDQPG12,Spa Grade Jade Roller for Face with Gua Sha | Jade Face Roller Massager | Jade Facial Roller | Face Roller Massager | Jade Rollers | Wrinkle Roller,All Beauty,24.35,0.04,1,treatment,1,1
O000103,C_5614564,2018-12-08,B071R2QPF3,"AuroTrends Makeup Remover Towel,2 Pack Reusable Chemical-free Microfiber Makeup Remover Cloths,Magically and Gently Wipe Away Cosmetics,Sunscreen,Oil and Dirt,Set of 2 (Pink+Black)",All Beauty,16.35,0.09,0,control,0,1
O000104,C_5614564,2018-11-11,B01KJPFO9W,"Lagunamoon Gel Nail Polish, Soak Off UV LED Nail Manicure Color Gel Polish Varnish Set 6PCS 8ML - Love Spectrum",All Beauty,70.19,0.0,0,control,0,0
O000105,C_5614564,2016-10-15,B01B6V11UY,"Scrub Angel Organic Arabica Coffee Body Scrub 8oz. An exfoliator that leaves Skin Smooth and Soft while Reducing Cellulite, 100% Natural Treatment",All Beauty,6.01,0.07,0,control,0,1
O000106,C_5614564,2016-10-07,B00GUTPV4A,Johnson & Johnson Ltd Neutrogena Visibly Clear Blackhead Eliminating 7 Day Rescue,All Beauty,25.26,0.04,0,control,0,1
O000107,C_5614564,2016-06-28,B01CO73OIQ,"Anti Wrinkle Eye Cream by VEBELLE Anti Aging Company - Top Rated Under Eye, Crows Feet Moisturizer Treatment, Natural Organic Instant Moisturizing & Hydrating, Best for Fine Lines & Wrinkles - 1.7oz",All Beauty,16.25,0.04,0,treatment,1,0
O000108,C_5614564,2016-04-11,B00KR4AFJU,Silky Smooth Foot Peeling Exfoliating Mask - 1 Pair - Natural Foot Care Treatment - Callus Remover - Removes Dead Skin From Your Feet - Heel Peel Care - Your Feet Will Feel Silky Smooth - Be Confident In Your Feet - Love Your Feet! - Your Feet Will Be As Soft As A Babies - Satisfaction Guarantee,All Beauty,28.63,0.03,0,control,0,1
O000109,C_5614564,2016-02-14,B015ZXMSFQ,Anti Aging Facial Masks by ERH with Intensive Care Serum to Help Reduce the Appearance of Fine Lines and Wrinkles. New Version Exclusive to Amazon with Expanded Mask Coverage. 5-Mask Pack,All Beauty,24.2,0.14,0,control,0,0
O000110,C_5614564,2016-02-04,B00KXFD75M,"Protege FLAWless Scar Gel Cream, Best for Scar Removal, Flattens and Softens Scars (1 ounce)",All Beauty,12.99,0.04,0,treatment,1,0
O000111,C_5614564,2015-09-12,B010B0S67C,"Blackhead Mask,Sky-shop Facial Mask Nose Mask Face Mask Blackhead Cream with Activated Charcoal Deep Pore Cleanse, Peel Off Deep Skin Clean Purifying Face Mask for Acne and Blackheads (100g) (110G)",All Beauty,30.58,0.08,0,control,1,0
O000112,C_5614564,2015-04-24,B00MDKICPK,zh-er-0424-dv684,All Beauty,50.5,0.04,0,control,0,0
O000113,C_5614564,2015-02-17,B00NNKWDI6,BEST Sleep Mask Set - Super Soft Silk Eye Mask For Traveling Insomnia And Meditation + Ear Plugs And Pouch,All Beauty,19.5,0.06,0,treatment,0,1
O000114,C_5614564,2014-11-17,B00N6WHTRG,"Pure Rosehip Seed Oil Certified Organic Large 4 Ounce Bottle (120 Ml) By Jarosa Beauty - Cold Pressed, Virgin & Unrefined, Carrier, Face & Hair Oil - No Fillers or Fragrance",All Beauty,35.2,0.14,0,control,0,0
O000115,C_6790089,2021-10-14,B0943GJDP6,"Water Flosser Cordless Dental Imtun 3-Mode Dental Oral irrigator, Portable and Rechargeable IPX7 Waterproof Powerful Battery Life Water Dental Cleaner Selected for Home Travel",All Beauty,19.21,0.13,0,treatment,0,0
O000116,C_6812570,2014-06-08,B0008F6QGO,H42 Clipper Cleaner 16 Oz. Jar Virucidal Anti-bacterial by H-42,All Beauty,14.73,0.1,0,treatment,0,0
O000117,C_4179259,2022-04-20,B08SWV1X6D,Foot Scrubber Files for Callus Remover - 32 Rows Easkep Professional Stainless Steel Foot File for Pedicure to Removes Hard Skin Corns for Dry and Wet Feet,All Beauty,19.78,0.12,0,treatment,1,0
O000118,C_8473799,2021-06-12,B08JLXLJGS,"COLORROSE 3 Pcs Matte Liquid Lipstick Set, Waterproof Long Lasting Non-Stick Velvety Liquid Lip Gloss Beauty Cosmetics Set,Pigmented Lip Makeup Gift Sets for Girls and Women",All Beauty,79.39,0.01,0,treatment,0,0
O000119,C_8756128,2020-07-12,B089K4SV23,"Headband for Women Washing Face and Spa Headbands by GNAWRISHING, Use for Makeup Headband, Facial Headband and Hair bands for Washing Face",All Beauty,42.04,0.14,0,treatment,1,0
O000120,C_1250733,2015-02-20,B00KNIECVC,"Theorie Helichrysum Nourishing Shampoo & Conditioner, 27 fl.oz. Set",All Beauty,29.07,0.08,0,treatment,1,0
O000121,C_6660040,2021-12-02,B088838886,4pcs Button Headbands Set for Mask- Non Slip Elastic Headbands with Button in 4 Colors Ear Protection Nurse Headbands Sports Head Wrap for Women Men Yoga Sports Outdoor Activities Doctor Nurse Gift,All Beauty,23.94,0.03,0,treatment,0,0
O000122,C_6660040,2017-01-31,B01FVUMG28,Joyci 1Pcs Creative Hoop Round Ponytail Holder Women's Geometric Metal Hair Pin (Rose Gold),All Beauty,19.39,0.02,1,treatment,1,1
O000123,C_6660040,2015-08-05,B0093EQX6Y,Skque New Wavy Metal Sports Men's Women's Hair Hoop Band Headband-color in Black,All Beauty,3.43,0.11,0,control,1,0
O000124,C_2007613,2015-10-01,B00JM1BZUW,Sannysis(TM) 1PC Useful Storage Case Box Holder Container Pills Jewelry Nail Art Tips (15Grids),All Beauty,11.88,0.1,0,treatment,0,0
O000125,C_6869477,2019-08-02,B07KDNK11M,"Chialstar (2 Pack) Shampoo Brush | Hair Scalp Massager, Soft Silicone Scalp Care Brush [Wet & Dry] Perfect for Men, Women, Kids and Pets (Pink/Green)",All Beauty,15.38,0.05,0,control,1,0
O000126,C_1955902,2020-12-19,B08K41B227,"Giannay Hair Curly Wigs for Black Women No Lace Wigs Long Loose Wave Synthetic Wig Heat Resistant Fiber 180% Density Natural Looking Middle Part Cosplay Party Daily Use Curly Wigs 24""",All Beauty,8.29,0.0,0,treatment,1,0
O000127,C_8227749,2014-03-30,B00EIL38WO,Schar Deli-Style Bread Gluten Free -- 8.5 oz Each / Pack of 2,All Beauty,29.79,0.07,0,control,1,1
O000128,C_8227749,2012-04-21,B003USID1C,drtulz Free Nail Polish Remover - 4 oz,All Beauty,49.33,0.14,0,control,1,0
O000129,C_9072446,2021-06-15,B01N070HWY,Color Club Nail Lacquer Halo Hues Collection - Cloud Nine,All Beauty,21.69,0.01,0,control,0,0
O000130,C_9072446,2021-04-14,B00G7UFXJA,karma organic Natural nail polish remover Soybean Lavender Oil Based Formula non toxic vegan cruelty free moisturize and Nourish Nails 4 fl. oz.,All Beauty,11.49,0.06,0,treatment,0,0
O000131,C_9799551,2022-09-10,B0B7RBK4NJ,"Face Painting Kits with Stencils for Kids-30 Stencils, 12 Water Based Face Paint Colors, 3 Complementary Colors, 3 Scar Stickers, 3 Sponges & 2 Applicators, 2 Brushes, 2 Glitter.",All Beauty,12.46,0.12,1,control,0,0
O000132,C_1072279,2017-05-15,B010B5ZE4U,Maquita Waterproof Portable Face Facial Highlighter Stick Shimmer Powder Makeup Silver,All Beauty,19.17,0.11,0,treatment,1,0
O000133,C_9404452,2022-11-18,B0BP2Y6QY4,LUMOSMAX Hair Growth Serum with built-in Scalp Massager - Promotes Hair Care and improves Scalp Health while Nourishing Scalp | Serum Applicator for Women,All Beauty,34.66,0.05,0,treatment,1,1
O000134,C_9404452,2021-05-21,B09JZXY4YR,"INIKA - Organic Lip Glaze | Vegan, Non-Toxic Beauty (Blossom)",All Beauty,28.34,0.08,0,control,1,0
O000135,C_9404452,2021-04-20,B08XJWLLKQ,"John Frieda Detox and Repair Shampoo and Conditioner Set with Nourishing Avocado Oil and Green Tea, 8.45 Fl Oz (Pack of 2)",All Beauty,12.72,0.08,0,treatment,0,1
O000136,C_9404452,2021-04-08,B08PLFZB89,"Got2b Glued Spray Wax with 2-in-1 Dual Nozzle, 8 oz",All Beauty,5.61,0.18,0,treatment,0,0
O000137,C_9404452,2021-03-28,B08KHRF9NY,Calendula Soap With Coconut Oil Soap - Natural Body Soap | Best Body Bar For Dry & Sensitive Skin | Use As A Bath Soap & Face Pure Extracts (2.64 Ounce),All Beauty,91.85,0.03,0,treatment,1,0
O000138,C_9404452,2021-03-22,B08N6YHQXT,"Heyedrate Activated Charcoal Soap Bar and Face Wash | Organic, Vegan, Natural Soap made with Dead Sea Mud and Our Essential Oil Blend (1 Pack (5 Ounces))",All Beauty,18.32,0.23,0,treatment,1,0
O000139,C_9404452,2021-03-14,B08SQ31H8P,"5-Pack Hair Scalp scrubber Massager Shampoo Brush for Straight Curly Long Short Thick Thin Wet Dry Hair, Men Women Kids Scalp Care Hair Cleaning Shower, Scalp Care Brush,100% comfortable",All Beauty,10.77,0.04,0,control,0,0
O000140,C_9404452,2021-01-24,B08LZLBXYT,"Hair Drying Towels, METLUCK 3 Pack Hair Wrap Towels Super Absorbent Microfiber Hair Towel with Button Design to Dry Hair Quickly (Gray/Brown/Stripe)",All Beauty,15.43,0.03,0,control,1,0
O000141,C_9404452,2020-12-28,B08NPBQR9L,"3 Barrel Curling Iron, Milantia 3/4 Inch Mini Travel Curling Wand Hair for Small Curly, Dual Voltage Ceramic Tourmaline 19mm Crimper Hair Iron for Women - Fast Heating, Portable",All Beauty,23.15,0.21,0,control,0,0
O000142,C_9404452,2020-12-23,B08P8BN9BZ,Pink Wigs for Women Short Bob Pink Wig with Bangs Shoulder Length Pastel Curly Wavy Cosplay Wig Synthetic Daily Costume Colorful Wigs (14 Inch),All Beauty,15.4,0.02,0,control,0,1
O000143,C_9404452,2020-12-02,B08BLX72TP,LeiCare Tweezers Precision 2-Pack - Stainless Steel Slant Tweezers for Ingrown Hair – Professional Tweezer Set with Slanted Tips for Eyebrows and Splinter Removal - Eyebrow Plucker Kit,All Beauty,7.96,0.21,0,treatment,0,1
O000144,C_9404452,2020-11-23,B08LYT4Q2X,"Organic Sweet Almond Oil and Fractionated Coconut Oil Bundle for Hair and Skin, 100% Pure and Natural, Hexane-Free, Moisturizing, For Healthy Skin, Silky Hair, Multiuse Body Oil, 16 fl. Oz X 2",All Beauty,17.69,0.0,0,treatment,0,0
O000145,C_9404452,2020-11-07,B0841WQNNZ,"2 Pack Hair Towel Wrap Turban Microfiber Drying Shower and Bath, Twist Head Towels with Button, Magic Quick Dryer, Hair Care for Women and Girls, One Wrap Plus One Cap and Two Velvet Hair Bands",All Beauty,15.47,0.17,0,treatment,0,0
O000146,C_9404452,2020-08-28,B087ZQK2G8,"Maya Mari Hydrating Argan Oil Shampoo – Rich in Nutrients, Restores Moisture & Shine, 32 oz",All Beauty,13.88,0.08,0,treatment,1,0
O000147,C_9404452,2020-07-15,B087Z9X39L,"Foot Peel Mask For Cracked Heels, Dead Skin & Calluses - Make Your Feet Baby Soft & Get a Smooth Skin, Removes & Repairs Rough Heels",All Beauty,13.65,0.12,0,control,1,1
O000148,C_9404452,2020-06-28,B07XQKH3RY,"Eternal Matte Lovers Collection – 3 Long Lasting, Fast Dry Colors and 1 Nail Treatment, Matte Top Coat – 13.5 Fluid Ounces Each",All Beauty,18.99,0.09,1,treatment,0,0
O000149,C_9404452,2020-03-24,B084ZHP45Y,"Coppertone Kids Clear Sunscreen Lotion SPF 50, Water Resistant Sunscreen for Kids, #1 Pediatrician Recommended Sunscreen Brand, Broad Spectrum Sunscreen SPF 50, 5 Fl Oz Tube",All Beauty,5.63,0.13,0,treatment,1,1
O000150,C_9404452,2019-04-30,B07LCHCD6Q,"Water Flosser Cordless Teeth Cleaner, SOOCAS Professional Oral Irrigator 230ML Portable and Rechargeable Water Dental Flosser with 3 Modes and 4 Jet Tips, IPX7 Waterproof, USB Charged for 30 Days Use",All Beauty,6.93,0.17,0,treatment,0,0
O000151,C_9404452,2019-02-25,B07H3S8WTV,2019 Newest Nose Hair Trimmer for Men Women MASWATER Professional Electric Nose Ear Hair Trimmer Clipper Painless Wet/Dry Trimming Premium Quality Stainless Steel Dual-Edge Blades Won't Break!,All Beauty,11.13,0.19,0,control,0,0
O000152,C_9404452,2018-12-13,B071JMGPTH,Royal Locks Curl Rescue Leave in Conditioner | Curly Hair Therapy | Keravis Ultra Conditioning Formula | 4 Oz,All Beauty,49.39,0.08,0,control,1,0
O000153,C_9404452,2018-12-13,B07F8PCLDV,"Hair Straightener, Flat Iron for Hair Styling, 2 in 1 Hair Curling and Straightening Tool, Non-Damage Floating Ceramic Plates, Adjustable Temperature 300°F-450°F for All Hair Types and Lengths",All Beauty,69.12,0.06,0,control,1,1
O000154,C_9404452,2018-12-13,B07J3GH1W1,"Manicure and Pedicure Nail Clipper from POWERGROOMING - Powerful Trimmer for Thick and Thin Finger Nails and Toe Nails - Included Nail File and""Catcher"" for Easy Cleanup (1 Pack)",All Beauty,26.09,0.18,0,control,0,0
O000155,C_9404452,2018-12-08,B07FM69672,"TRESemmé Botanique Shampoo and Conditioner Four Pack, Nourish & Replenish, 88 oz",All Beauty,26.36,0.15,0,control,0,1
O000156,C_0929452,2020-01-04,B07DSQ3NWM,(PACK of 2) 0lay Regenerist Micro-Sculpting Serum Advanced Anti-Aging Moisturize - 1.7 Fl Oz (50ml) EACH,All Beauty,42.04,0.0,0,treatment,0,1
O000157,C_0929452,2019-06-10,B0792Q3T59,"VEGAMOUR Vegalash Volumizing Mascara (Black/Noir) - Vegan Cruelty-free Mascara with Eyelash Enhancement Serum, Natural Plant Based Formula Conditions and Nourishes Lashes for Healthy Growth",All Beauty,17.67,0.13,0,treatment,1,0
O000158,C_4190551,2020-05-26,B01NCWHH2W,"Garnier SkinActive Moisture Bomb The Super Hydrating Smoothing Mask, 1.08 F",All Beauty,4.7,0.09,0,treatment,1,0
O000159,C_1234508,2019-12-28,B07NGCSZYY,Bath and Body Works 3 Pack Cocoshea Honey Softening Body Scrub 8 Oz.,All Beauty,9.02,0.0,0,treatment,0,0
O000160,C_4449878,2019-09-13,B07SSLTKHX,"Upgraded Dual Magnetic Eyelashes, BAGEYI 8 PCS Best No Glue False Magnet Lashes Reusable Natural Look Lashes with Tweezers",All Beauty,22.96,0.08,0,treatment,0,0
O000161,C_7294546,2020-08-17,B07G19ZXWB,EmaxDesign Makeup Brushes 17 Pieces Premium Synthetic Foundation Brush Powder Blending Blush Concealer Eye Face Liquid Powder Cream Cosmetics Brushes Kit (Rose Gold),All Beauty,10.28,0.07,0,treatment,0,0
O000162,C_8063187,2020-08-02,B083SCVG16,"Beetles U V LED Nail Lamp, Anti Aging U V Nail Light Curing Gel Nail Polish Gel Set/Base Gel/Top Coat/Poly Gel Nail Extension for Professional Nail Art Design Salon DIY at home",All Beauty,28.81,0.11,0,treatment,0,0
O000163,C_8269089,2020-05-12,B07V6F1TK2,Newcally Eye Lashes with Glue Kit Fake Eyelashes 3 Pairs Dramatic Faux Mink Lashes 3D Long Thick Fluffy Lashes with Tweezers,All Beauty,15.67,0.01,0,control,1,0
O000164,C_2198473,2021-04-16,B01HTO9T2Y,Invisibobble Hair Tie Crystal Clear Original 3 packs of 3 hair ties per pack (9 hair ties in total),All Beauty,42.12,0.01,0,treatment,0,0
O000165,C_9250527,2017-10-02,B0722YW9DZ,"The Body Shop Spa of the World Thai Lemongrass Massage Oil, 170ml",All Beauty,15.32,0.02,0,treatment,0,0
O000166,C_7499576,2017-11-21,B01MXLP1T1,"Natural Makeup Remover Facial Cleansing Wipes from 1790 Are the Best Gentle Towelettes For Your Face - Remove Eye Makeup - Kind to Your Skin - Blemish Free Finish (25 Count, Pack of 6)",All Beauty,10.1,0.04,0,control,1,0
O000167,C_2319927,2016-11-24,B01G5TZ6BM,Ace Pocket Combs - (2-Pack of 2),All Beauty,9.31,0.22,0,control,1,1
O000168,C_1546550,2022-08-10,B01M1OFZOG,"Bed Head Curve Check Curling Wand for Tousled Waves and Texture, Jumbo Barrel",All Beauty,27.5,0.03,0,control,1,1
O000169,C_5040290,2017-11-30,B075JN5NX2,"Vya Naturals Rose Facial Scrub For Face (Dry Powder Exfoliant)-With Real Rose Petals-Natural Microdermabrasion Scrub-Face Mask For Exfoliation & Hydration, Minimize Pores & Dull Skin 3.5 OZ",All Beauty,20.11,0.06,0,control,1,0
O000170,C_3323594,2018-04-11,B06Y5XQ6SJ,"Vivaplex, 12, Clear, 2 oz Glass Bottles, with Lids",All Beauty,11.78,0.13,0,treatment,1,1
O000171,C_2284684,2019-04-22,B0785QM77V,3 Boxes Crystal AB Nail Art Rhinestones Blue Red Nail Diamonds Gold Metal Manicure 3D Decoration,All Beauty,12.37,0.06,0,treatment,1,0
O000172,C_9490668,2016-11-08,B00P0BLZFI,Sannysis Fashion Women Silver Flower Plated Crystal Rhinestone Stud Earrings,All Beauty,7.47,0.18,0,control,0,0
O000173,C_8077535,2020-05-29,B08229K7VC,66 Pcs Hair Scrunchies - 10 Cotton 20 Velvet 10 Solid Colored Chiffon 10 Flowered Chiffon 16 Satin Hair Ties Hair Bands Elastic Scrunchy Hair Accessories for Girls or Women,All Beauty,16.92,0.12,0,control,0,0
O000174,C_8220233,2022-08-17,B09WSVFSGJ,Ultimate Essentials Kit,Premium Beauty,136.89,0.16,0,control,1,0
O000175,C_0915541,2020-10-23,B09X9BG4FC,Makone Crystal Crowns and Tiaras with Comb Headband for Girl or Women Birthday Party Wedding Prom Bridal Christmas Valentine… (03 Pink),All Beauty,8.94,0.01,0,treatment,1,1
O000176,C_0507877,2021-10-25,B096YFBWGX,"XXI Skin | Bio-Pure Vitamin C Lotion | Provides 24 Hours of Hydration | Minimizes Fine Lines, Daily Facial Moisturizer, 2 Fl Oz.",All Beauty,22.48,0.03,0,control,1,0
O000177,C_0507877,2018-12-07,B07FM69672,"TRESemmé Botanique Shampoo and Conditioner Four Pack, Nourish & Replenish, 88 oz",All Beauty,16.06,0.0,0,treatment,0,1
O000178,C_0242097,2021-09-27,B00QZEBH5W,"ANNIE Club Soft Brush (Model:2081) - 2 pieces, Natural wood, boar bristles, wooden brush, won't pull on your hair, detangler, pulls out the knots",All Beauty,8.59,0.14,0,treatment,0,0
O000179,C_1889511,2014-11-24,B00A0RUGPM,"KISS Heat Resistant Hair Tools Mat, 100% Silicone Protection up to 480°F, Non-Slip, Weight 0.45 Pounds, 10 inches x 10 inches, Black",All Beauty,14.0,0.18,0,treatment,0,0
O000180,C_5261200,2021-07-06,B078WYZK74,"Camille Beckman All Natural Cocoa Butter Lip Balm, Luv U Vanilla, .25 oz (3 Pack)",All Beauty,10.6,0.19,0,control,0,0
O000181,C_8698170,2019-06-03,B073SBNLJJ,Fabric Sink Skirt Mosaic Stitch Cobalt Blue,All Beauty,12.71,0.01,0,treatment,0,1
O000182,C_0260310,2019-12-25,B07S8F3LRC,"Mountain Falls Regular Nail Polish Remover for Natural Nails with Vitamin E and Panthenol, 16 Fluid Ounce",All Beauty,13.26,0.0,0,treatment,1,1
O000183,C_0260310,2018-07-22,B01M7UMAUG,"Philips Sonicare Essence+ Gum Health & Airfloss Rechargeable Electric Flosser, Bundle Value Pack, HX8218/02",All Beauty,79.38,0.0,0,treatment,1,0
O000184,C_3388972,2020-03-02,B08393CSHT,"10pack Makeup Sponge - Beauty Foundation Blending Sponge, You Can Use Damp or Dry for a Smooth Finished Look, Multi-colored Makeup Sponges",All Beauty,13.32,0.05,0,treatment,0,0
O000185,C_2014386,2018-11-08,B07FQG965K,Stretch Mask & Scar Removal Cream for Pregnancy Remove Acne Scars with Natural Herbal Extracts Anti Cellulite and Stretch Marks Remover Massage Safe for All Skin Types,All Beauty,11.07,0.08,1,treatment,0,0
O000186,C_4592871,2019-01-12,B0778WCBMF,"EOS Delicate Petals & Blackberry Nectar Gift Set, pack of 1",All Beauty,23.99,0.08,0,control,1,1
O000187,C_3065342,2015-07-07,B085BB7B1M,Salux Nylon Japanese Beauty Skin Bath Wash Cloth/towel (3) Blue Yellow and Pink,All Beauty,12.29,0.02,0,control,1,0
O000188,C_7202679,2020-12-14,B08HH3CH34,DGD hand sanitizer bottles empty hand sanitizer holder keychain Leak Proof for Toiletries door opener tool no touch door opener door opener 4pack/Travel Bottles 1.6oz 6pack,All Beauty,30.05,0.12,0,control,0,0
O000189,C_2079268,2015-04-21,B00J2R8BP8,B-China Wind protection shell cell phone protective cover accessories,All Beauty,18.54,0.13,0,control,0,0
O000190,C_8126853,2018-06-25,B01JIVO8GS,The Body Shop Kiss and Tell Born Lippy Wand,All Beauty,31.7,0.03,0,control,0,1
O000191,C_3727210,2020-07-25,B07MW1TBSN,10 Pairs 3D Faux Mink Hair False Eyelashes Thick Long Fluffy Wispy Lashes Multilayer Flutter Lashes,All Beauty,12.2,0.0,0,treatment,1,0
O000192,C_3832658,2020-08-13,B07KZQDM8Y,"Nail Buffer Block, 4 Way Nail Art Shiner 4 Step Buffing – File, Remove,Smooth,Shine – Mini Natural Nail Polisher Sanding File Block for Professional Manicure Nail Care DIY or Nail Salon Pack of 5pcs",All Beauty,19.49,0.1,1,treatment,1,0
O000193,C_0819224,2022-10-20,B0B8F6MWFJ,"Folie for Women EDP - Eau De Parfum 100ml(3.4 oz) | Saffron, Red Fruits, Hedione, Jasmine, Moss, Amber | Perfume, Perfumes for women, Women's fragrances, Fragrance, Womens perfume | by Intense Elite",All Beauty,39.53,0.12,0,treatment,1,1
O000194,C_0819224,2022-06-04,B09ZKWV5MK,"6Pcs Silk Hair Scrunchies, 100% Mulberry Silk Hair Ties Cute Large Scrunchie For Thick Curly Hair No Crease Soft Elastic Hair Bands, Elastic Silk ponytail Holders Sleep and Night Scrunchie for Girls Women…",All Beauty,20.43,0.0,0,control,1,0
O000195,C_0819224,2022-05-26,B08HVRP54L,"So'Bio Étic | Moisturizing Fresh Gel Cream | Organic Face Moisturizer for Combination Skin | 24 hr Hydrating, Balancing & Plumping | 0.5 fl oz",All Beauty,21.91,0.02,0,treatment,1,0
O000196,C_0819224,2022-05-25,B08WPXVK2P,"SO'BiO étic | Baby Soothing Diaper Cream | Organic and Gentle for Newborn, Infant, Toddler | 3.38 fl oz",All Beauty,5.9,0.15,0,treatment,1,0
O000197,C_0819224,2022-04-25,B0B5X48DZR,"HATELI Six types of combs Detangling Pet Comb with Long & Short Stainless Steel Teeth for Removing Matted Fur, Knots & Tangles – Detangler Tool Accessories for Safe & Gentle DIY Dog & Cat Grooming (61 tooth long and short flea comb)",All Beauty,4.8,0.14,0,control,1,0
O000198,C_0819224,2022-03-15,B08N5NDVGH,"ForPro Expert Therapy Massage Lotion, Fragrance-Free, Relax Sore Muscles & Repair Dry Skin, Lightweight, Non-Greasy Formula, Paraben & Sulfate-Free, 1 Gallon (128 Ounces)",All Beauty,21.87,0.18,0,treatment,1,0
O000199,C_0819224,2022-03-14,B09P144WHW,"(YOUMIDI) Brush and Cat Brush-Smooth combing brush for short and long hair-Pet shedding combing brush, which can remove loose hair, mats, tangles (Blue)",All Beauty,11.49,0.12,0,treatment,0,0
O000200,C_0819224,2022-03-12,B09QT8SLJB,"AOA Studio Collection Makeup Sponge Set Makeup Blender Latex Free and High-definition Set of 5 Makeup Blender For Powder Cream and Liquid, Super Soft Wonder Blender Beauty Cosmetic Beveled",All Beauty,27.26,0.04,0,treatment,1,0
O000201,C_0819224,2021-12-07,B092M5K59T,"Beautiful Girl You Can Do Amazing Things, Inspirational Gifts for Women, Christmas Gifts, Amazing Gifts for Teen Girls, Beautiful Gift Makeup Bag, Inspirational Jewelry Dish, Amazing Mirror",All Beauty,17.11,0.16,0,control,0,0
O000202,C_0819224,2021-10-15,B09XX4VR4Y,"SOTICA Rotary Machine Pen Kit, Complete Makeup Pen Kit Professional Machine Pen Kit with 2Pcs Power Supply Machine Pen 40Pcs Cartridges Ink Caps Practice Skin and Machine Parts for Artist",All Beauty,131.66,0.1,0,control,0,0
O000203,C_0819224,2021-10-15,B09C1S6LSV,"AJOKE 10 pcs Soft Makeup Sponge set Blender,Flawless Beauty Sponge Blenders for Dry & Wet Use,for Cream,Powder and Liquid,Multi-colored Makeup Sponges",All Beauty,15.73,0.05,0,control,1,0
O000204,C_0819224,2021-10-07,B097YYB2GV,"Makeup Blender Sponge- Makeup Sponges For Foundation And Beauty Products- Latex Free Makeup Sponge- Beauty Sponge For Liquid, Cream And Powder Makeup. ACSU",All Beauty,17.08,0.1,0,treatment,0,0
O000205,C_0819224,2021-09-11,B095CG2ZV1,"Bath Bombs Gift Set, Bath Bomb Gift for Women with Rose Petals, Lavender Scent 5pc Handmade Bubble Bath Gift Box with Soap & Petals Mothers Day Gifts Ideas for Mom, New Mom, Wife Birthday Gift for Her",All Beauty,39.4,0.06,0,treatment,1,0
O000206,C_0819224,2021-07-30,B096XDXNY5,"Bridal Hair Comb, Wekin Wedding Hair Comb Wedding Hair Accessories for Brides, Handmade Floral Hair Piece for Wedding(Silver 5.9"")",All Beauty,16.0,0.0,0,treatment,1,1
O000207,C_0819224,2021-07-22,B0841S3FRB,"Heart Shaped Makeup Sponge Set with Holder (Blue, Yellow, 3 Pieces)",All Beauty,6.19,0.06,0,treatment,1,1
O000208,C_0819224,2021-07-22,B083GCHL8R,Makeup Sponge Foundation Blender Applicator Set with Rose Gold Holder (4 Pieces),All Beauty,58.62,0.1,0,treatment,0,0
O000209,C_0819224,2021-07-16,B092M1WFTR,"BLAISTER Animal Print Headbands for Women, Leopard Print Head Bands Athleisure Hair Band Non Slip Stretchy Breathable Head Wrap Elastic Hair Accessories (Leopard Print)",All Beauty,38.6,0.0,0,control,0,0
O000210,C_0819224,2021-07-07,B092D43C8Q,3-piece makeup sponge set with Powder Brush， makeup sponges sponge makeup Mixed sponge foundation sponge make up blender Wet and dry makeup sponge (Red black pink + brush pen),All Beauty,39.15,0.0,0,control,1,0
O000211,C_0819224,2021-06-29,B08T7GPT1D,"Florona Hibiscus Air Freshener Room Spray for Deep Sleep 100 ml - Pure & Unrefined Pillow Mist & Linen Spray (Hibiscus,100 ml)",All Beauty,27.27,0.05,0,treatment,1,1
O000212,C_0819224,2021-06-25,B0919R1CYT,Fragrantshare Makeup Brushes Professional Organizer Foundation Brush for Liquid makeup Travel 9Pcs Sets - Odorless Fiber Hair - Light Blue,All Beauty,89.7,0.09,0,treatment,1,0
O000213,C_0819224,2021-06-22,B08T5RVSD9,Msmofei Make up Brushes 14PCs Makeup Brush Set Professional Premium Synthetic Foundation Blending Face Powder Eye Shadows Blush Makeup Brush Kit Green Comestic Brushes with Green leather Case,All Beauty,16.94,0.02,0,control,0,1
O000214,C_0819224,2021-06-21,B09473GGM4,Tirtyl Hand Soap Sheet Variety Pack - 240 Pack with Portable Storage Tin - Camping/Outdoor/Travel/Handbag - Lavender & Aloe - Bergamot & Ylang Ylang - Jasmine & Patchouli,All Beauty,11.24,0.09,0,treatment,1,1
O000215,C_0819224,2021-06-15,B08T5LG5FT,Makeup Brushes 12PCs- CLOWII Professional Premium Birch Handle Makeup Brush Foundation Concealer Brush Set of 12 with 1 Makeup Cleaner(Black),All Beauty,28.98,0.1,0,control,0,1
O000216,C_0819224,2021-06-14,B08Z3THTQT,Shower Cap – 2 pcs Large Shower Cap – 15 inch Extra Large Shower Cap for Women – Waterproof Polyester Design with Inner Satin Layer - Adjustable Shower Cap with Buckle and Tightening Belt,All Beauty,14.09,0.06,0,control,0,1
O000217,C_0819224,2021-06-14,B08ZVJP6D3,Big Hair Claw Banana Clips with Flower Strong Hold Hair Grip Nonslip Hairpins Hairgrip for Women and Girls Hair Barrettes For Thick Hair (Green),All Beauty,15.47,0.11,0,treatment,0,0
O000218,C_0819224,2021-06-08,B08LPGZMQK,"Spanature Aloe Vera Hand & Body Lotion Travel Size Selection, 4 Pack, Relaxing and Revitalizing Moisturizer for Rough and Dry Skin, Nourishing and Gentle for All Skin Types, Made In Korea - 75 ml/2.53oz",All Beauty,11.34,0.14,0,control,1,1
O000219,C_0819224,2021-06-03,B0925975B7,"12pcs Boho Headbands for Women, Cross Elastic Hair Band, Stretchy Headwear, Sport Bands Hair Accessories for Girls (Style 2)",All Beauty,21.88,0.21,0,treatment,1,1
O000220,C_0819224,2021-06-03,B0932WKCMT,QIANXUAN Wide Hair Bands For Women Black Cloth Headband Tie For Women Leather Headbands For Women With A Tie 2Pcs Pu Artificial Top Knot Glam Girl Fashion,All Beauty,10.77,0.0,0,control,1,0
O000221,C_0819224,2021-05-30,B0929H24R1,Dr. Bessette Naturals Facial Beauty Bars | Doctor Created (Geranium & Rose Clay),All Beauty,31.78,0.08,1,control,0,0
O000222,C_0819224,2021-05-29,B08MCDB52J,Pin Up Secret - Oil-Free Face Cream UVA/UVB - Protective Filter - Ideal for mixed to oily skins,All Beauty,8.07,0.25,0,treatment,0,1
O000223,C_0819224,2021-05-16,B08YX4M6T1,"Silicone Face Mask Brush, Soft Facial Cleansing Scrubber,Lip Exfoliator Skincare Applicator Tools for Mud,Clay Mask,DIY,Hairless Body Lotion Butter Moisturizer,Double-head, 2pcs (2Gray)",All Beauty,21.33,0.13,0,control,1,0
O000224,C_0819224,2021-05-16,B08GFLMGN2,"LUVCIRCUS 001 Professional Hair Brush-This luxury boar and nylon bristle hair brush is a meticulously crafted, premium, flat hair brush. An exceptional hairbrush for women who love gorgeous hair.",All Beauty,25.88,0.02,0,control,1,0
O000225,C_0819224,2021-05-16,B08QRSNJW9,"3 Pcs Beauty Blender Makeup Sponge Gift Set,Lates Free Soft Beauty Foundation Blending Sponge with Beauty Blender Holder,Cleaner and Brush for Powder, Cream or Liquid",All Beauty,68.6,0.17,0,treatment,0,0
O000226,C_0819224,2021-05-15,B08FCV1FQC,"Face Moisturizer by Disco for Men, Hydrating, Anti-Aging Formula with Vitamin C, All Natural and Paraben Free, Eucalyptus Scent, 2 Ounces",All Beauty,15.64,0.01,0,treatment,0,0
O000227,C_0819224,2021-05-07,B08YNR839W,STARAMZ 7 Set Bachelorette Scrunchies Bridesmaid Proposal Gifts Hair Ties for Women Bachelorette Party Favors ( Blush),All Beauty,17.37,0.16,0,control,0,1
O000228,C_0819224,2021-05-05,B08YX4HYTK,STARAMZ 7 Bridesmaid Scrunchies PACK Hair Scarf with Bow Satin Chiffon Long Tail Elastic Hair Bands Hair Ponytail Holder for Women Girls Hair Accessories (Long Tail GREEN),All Beauty,54.36,0.07,0,treatment,0,0
O000229,C_0819224,2021-04-27,B08XZT4FLY,Handmade Natural Sandalwood Hair Comb Anti-static Natural Logs Sandalwood Comb Protect Hair Untie Knotted Hair Vintage Design Comb (B),All Beauty,12.07,0.0,0,control,1,0
O000230,C_0819224,2021-04-11,B09GNXK3N1,"Reusable Shower Cap for Women – Leakproof, Nonslip Hair Cap for Shower w/ Comfy Flexiband – Soft, Breathable Shower Caps for Women Reusable Waterproof – Durable, Heavy Duty Shower Cap by SMPL OBJECTS (Marble)",All Beauty,16.78,0.09,0,treatment,0,0
O000231,C_0819224,2021-04-08,B08RS762Z7,"Hair Bands for Women's Hair, Fashion Headbands, Headbands for Women, Headband for Fitness, Head Band for Outdoor Activities, Gift Pack 2pc, High Elastic, Non Slip, Breathable, Soft.",All Beauty,9.9,0.06,0,control,1,0
O000232,C_0819224,2021-04-03,B08R8JQ7NF,Oval Large Makeup Brushes Fast Application Liquid Cream Powder Foundation (Rose Gold 1),All Beauty,18.47,0.0,0,control,0,1
O000233,C_0819224,2021-04-02,B08VMWZ7N2,"DOYIZZ Makeup Brushes Set, 10pcs Crystal Handle Makeup Brushes Powder Blush Brush Foundation Brush Blending Eye shadow Concealer Makeup Brush Set (Pink)",All Beauty,18.53,0.0,0,control,1,1
O000234,C_0819224,2021-03-26,B08NGXBJ4X,"Organic Roll On Essential Oils Set, 100% Pure USDA Certified - Protector Blend (Based on 4 Thieves Legend) & Lemongrass with Black Leather Travel Case",All Beauty,18.46,0.13,0,control,0,0
O000235,C_0819224,2021-03-04,B0881WZVM5,"KISSIO Color Changing Lipstick,Discoloration and Moisture retention,Temperature Sense Changing Color,Long Lasting Color,Fresh Colors(03#Orange)",All Beauty,40.52,0.06,0,treatment,1,0
O000236,C_0819224,2021-03-03,B08MPP4X5L,"2 Pack Soy Candles Gifts Set for Women, Lavender, Fir Scent, Hand Poured Aromatherapy Candle, Scented with Essential Oils, Each 8 oz",All Beauty,108.87,0.08,0,treatment,0,0
O000237,C_0819224,2021-02-25,B08QHP717Z,Nxconsu 12Pcs Headbands for Women Girls Teens Elastic Hair Bands Silky Solid Colors Pleated Crinkle Head Band Fashion Trendy Outfit Colorful Thin Comfortable Hair Accessories for Home Work Gym Casual,All Beauty,19.71,0.09,0,control,1,0
O000238,C_0819224,2021-02-22,B08JTNQFZY,GAINWELL,All Beauty,14.65,0.04,0,control,1,1
O000239,C_0819224,2021-02-21,B08RY2LML3,Cute Birthday for Girlfriend I 'To My Girlfriend' Compact Mirror I Girlfriend Gifts I Valentines Day for Her I Anniversary for Girlfriend I Girlfriend Gi fts for her,All Beauty,15.22,0.03,0,control,1,0
O000240,C_0819224,2021-02-08,B08HDLCHXN,"Dienalls Mask Applicator Brush Silicone, Brush for Removing Face Mask/Cream/Liquid/Gel/Mud, Double-Ended Facial Cleansing Brush to Remove Dead Skin, 5pcs (3 Face Spatula + 2 Face Scrubber)",All Beauty,12.81,0.19,0,control,0,0
O000241,C_0819224,2021-01-30,B08MT11QG3,"SupSilk 1 Inch Hair Straightener Flat Iron, Flat Iron for Hair Curler Iron with Ceramic Tourmaline Plates Adjustable Fast Heat to 250-450℉ for Black Curly | Women Girlfriend Gifts | Salon",All Beauty,32.8,0.17,0,control,1,0
O000242,C_0819224,2021-01-23,B08HGZXLP6,"Empty Amber Glass Spray Bottles - (4 Pack) 16 oz with Labels Refillable Container for Essential Oils, Cleaning Solutions, Cleaning Products, Hair, Plant Mister, Daily Shower, Gardening or Aromatherapy",All Beauty,15.46,0.05,0,treatment,0,0
O000243,C_0819224,2021-01-20,B08N9RT9YD,"Bath Body Brush with Super Comfy Bristles for Universal Skin,Long Bamboo Handle Gentle Exfoliation Improve Skin's Health and Beauty Wet or Dry Brushing Back Scrubber for Shower",All Beauty,14.8,0.0,0,treatment,1,0
O000244,C_0819224,2021-01-20,B08HGZXLP6,"Empty Amber Glass Spray Bottles - (4 Pack) 16 oz with Labels Refillable Container for Essential Oils, Cleaning Solutions, Cleaning Products, Hair, Plant Mister, Daily Shower, Gardening or Aromatherapy",All Beauty,35.31,0.17,0,control,1,1
O000245,C_0819224,2021-01-20,B08HX5J4P5,"Aibilye Shower Cap, 3Pcs Shower Cap For Women,Shower Cap For Kids, Double Waterproof,Hair Care Cap,Salon Shower Cap,Reusable, Medium Size(STYLE-1)",All Beauty,10.53,0.04,0,treatment,0,0
O000246,C_0819224,2021-01-12,B08PPB3W6H,"YanJie Velvet Stretched Button Headband Holder for Nurse Mask Women/Girls/Men 6 Package, Leopard Black Gray Velvet ,Protect your Ear Headband 20inch (Leopard)",All Beauty,8.6,0.13,0,treatment,1,1
O000247,C_0819224,2021-01-10,B08P7PSMRR,CARLA Lacto Biome Balancing Cream Skin Care for Sensitive Dry Skin Face Hydrating Moisturizer,All Beauty,15.54,0.13,0,treatment,0,1
O000248,C_0819224,2021-01-07,B08NJ56F9C,Anon Make Up Remover Wipes 10ct | Individually Wrapped Natural Vitamin E and Aloe Vera | Bamboo Mini Makeup Wipes | AirBnB’s Choice for Convenient Single Use Face Wipes | Paraben and Alcohol Free,All Beauty,13.79,0.16,0,treatment,1,1
O000249,C_0819224,2021-01-05,B08LGG9GSG,"ikikin Body Brush Soft Silicone Bath brush Exfoliating Body Scrub Brush, Shower Cleansing Scrubber Brush for Double-Sided Silicone Sponge Bath Brush with Soft Brush pink+blue",All Beauty,28.61,0.12,0,treatment,1,0
O000250,C_0819224,2021-01-05,B08KT7FCYY,"Rancco Dried Flower Buds Fragrant Petals Ball, 10 Kinds Natural Organic Flowers Ball, Premium Grade Dried Blooming Flower Tea Balls for Tea, Baking or Bath Bombs",All Beauty,28.96,0.0,0,control,1,0
O000251,C_0819224,2020-12-18,B08HMLXW65,"Claw Hair Clips, IKOCO 6 Pack Jaw Clips Stylish Matte Plastic Strong Hold Hair Clamps Box Packaged for Thin Fine Hair with 10Pcs Black Hair ties (2.4Inch)",All Beauty,20.08,0.04,0,treatment,1,0
O000252,C_0819224,2020-12-18,B08HMJT41C,"Hair Claw Clips, IKOCO Medium Hair Clips for Women Thin Hair 6Pcs",All Beauty,12.73,0.0,0,control,0,0
O000253,C_0819224,2020-12-14,B088DX4Q5K,"2 Pack Detangling Brush for Curly Hair, Wiisdatek Black Hair Detangler, Afro Textured 3a to 4c Kinky Wavy, Detangle Easily Wet/Dry/Long Hair for Beautiful Shiny Curls (Pink, Green)",All Beauty,36.38,0.0,0,treatment,0,1
O000254,C_0819224,2020-11-28,B08DKK7KXV,"Portable Travel Bottles Set,Leak Proof Squeezable Silicon Tubes Travel Size Toiletries Containers,TSA Approved Refillable Travel Accessories for Shampoo Liquids (1.3Oz,4 Pack)",All Beauty,4.65,0.2,0,control,0,0
O000255,C_0819224,2020-11-28,B08G8B2CQH,"6 Pack Portable travel bottles-30ml Flip Cap Reusable Bottles Keychain Carriers for Shampoo,Hand Sanitizer Refillable Keychain Sanitizer Holder -1oz dispenser bottle, Metal 6 Pack Buckle Include",All Beauty,20.5,0.04,0,treatment,1,0
O000256,C_0819224,2020-11-28,B087B5RJ2P,"Butt Naked Baby Organic Sunshine Lotion | Everyday Moisturizer | Lightweight, Non-Greasy | Normal-to-Dry Skin | Aloe, Shea Butter, Sunflower Oil, Calendula, White Tea, Green Tea, Rooibos Tea, Lemon Oil | 6.7 oz",All Beauty,18.32,0.16,0,treatment,1,0
O000257,C_0819224,2020-11-27,B08G83G24X,"6 Pack Portable travel bottles-30ml Flip Cap Reusable Bottles Keychain Carriers for Travel Outdoor Camping Supplies, Metal Buckle Include, Set of 6",All Beauty,23.18,0.05,0,treatment,0,1
O000258,C_0819224,2020-10-04,B08CZM3GH3,Leetaltree 6Pcs Makeup Sponge Set,All Beauty,24.92,0.0,0,control,0,0
O000259,C_0819224,2020-09-12,B086XH7BWW,Taya Beauty Buriti Nut Intensive Repair Shampoo & Conditioner Duo – Organic Hydrating Shampoo and Conditioner for Dry Damaged Hair - Restorative Hair Care – Travel Size 2 fl oz,All Beauty,32.39,0.09,0,treatment,1,1
O000260,C_0819224,2020-08-30,B0895XRT9S,"Disposable Shower Cap, Elastic Bath Cap,Waterproof Hair Head Cover Shower Cap For Home Use,Hotel and Beauty Salon,Pack of 120 （Blue)",All Beauty,19.57,0.1,0,control,0,1
O000261,C_0819224,2020-08-29,B08C72C56Z,"Nail Files 16 Pcs, Double Sided Emery Board Manicure Tools for Filing Natural Gel and Acrylic Nails for Home and Salon Use",All Beauty,11.46,0.09,0,control,0,0
O000262,C_0819224,2020-03-18,B07D6KYSJH,"[Weekly Point Cosmetic Rose edition mask sheet] - Facial skin care mask sheet 3solutions(Wriklecare, Brighten up, Moisture) in one (1Pack of 10pcs)",All Beauty,30.73,0.0,0,treatment,1,1
O000263,C_0819224,2020-02-28,B0829HHW2M,Pick & Pick (Gentle/metal allergy free material),All Beauty,28.76,0.1,0,treatment,0,1
O000264,C_0819224,2020-02-18,B07VGBBNTH,Taya Beauty Inner Core Hair Strong Anti-Breakage Shampoo & Conditioner Duo - Strengthening and Repairing Formula - Free From Sulfates and Parabens - 8 fl oz Bottles,All Beauty,40.74,0.2,0,treatment,1,0
O000265,C_0819224,2020-02-09,B081ZN3TD5,JPNK 4PCS Anti-Static Detangling Fine & Wide Tooth Shower Comb Set,All Beauty,6.46,0.0,0,treatment,0,0
O000266,C_0819224,2020-02-06,B0837K9W6P,9 Pack Headbands Set -Messen Fashion Velvet Wide Hairband with Pearl Knitted Floral Fabric Cute Elegant Vintage Cross Knot Turban Elastic Hair Hoop Headwrap for Women Girls Hair Accessories,All Beauty,19.01,0.12,0,control,0,1
O000267,C_0819224,2019-04-26,B07LCHCD6Q,"Water Flosser Cordless Teeth Cleaner, SOOCAS Professional Oral Irrigator 230ML Portable and Rechargeable Water Dental Flosser with 3 Modes and 4 Jet Tips, IPX7 Waterproof, USB Charged for 30 Days Use",All Beauty,23.42,0.03,0,treatment,1,1
O000268,C_0819224,2019-01-23,B07KXM94BT,Makeup Blender Sponge Set - 4 Pack Latex Free Q-Soft Makeup Beauty Foundation Blending Sponge Flawless Smooth Brush for Liquid Foundation BB Creams Powders Concealer (4 Pack),All Beauty,8.01,0.02,0,control,1,0
O000269,C_0819224,2018-12-28,B07DSC4X3K,The Sunset Dusk Palette | 15 Color Eye Shadow of BEAUTY GLAZED Eyeshadow Palette | QyeeCosmetics. - Amazon Vine,All Beauty,9.43,0.15,0,control,0,1
O000270,C_0819224,2018-12-20,B07DPKZPRH,PARWIN Infrared Flat Iron 1 1/4 Inch Digital Hair Straightener Iron with Ceramic Tourmaline Plate Temperature Control Hair Iron Christmas Gift Black,All Beauty,110.56,0.11,0,treatment,0,0
O000271,C_0819224,2018-08-02,B073WQHFXB,"Hanging Toiletry Bag, Gonex Travel Cosmetic Makeup Organizer with Zipper Closure, 8""x13"" Black",All Beauty,10.68,0.13,0,treatment,0,1
O000272,C_0819224,2018-05-02,B071NBFSLY,Gliss Hair Repair - Extra Volume - Shampoo & Conditioner Set - Net Wt. 13.6 FL OZ (400 mL) Per Bottle - One Set …,All Beauty,17.68,0.26,0,treatment,1,1
O000273,C_0819224,2016-03-04,B01BEYRHBA,"LumaRx Facial Cleansing Brush with 1-Minute Pulsing Timer and LED Speed Indicator Light, Rechargeable and Showerproof, White/Silver",Premium Beauty,45.35,0.03,0,treatment,0,1
O000274,C_0312767,2021-03-11,B08CXKJ7TQ,"Nail Rhinestone Picker, Dual-ended Nail Art Dotting Wax Pencil Pen Crystal Gems Beads Studs Picker Acrylic Handle with Two Replacement Wax Head Manicure Decoration Tool with Metal Storage Box",All Beauty,74.7,0.04,0,control,0,1
O000275,C_2103668,2021-05-23,B08XS4D82F,Men's 2-Step Clear Skin Acne Cleanser & Face Cream Treatment Set + Salicylic Acid + .2% Retinol = Clear Skin - 30 Day Supply Daily Use - Skincare Sets by Geologie,All Beauty,35.03,0.04,0,treatment,1,1
O000276,C_2103668,2021-02-22,B08JP74M51,"Bold Men, Mens Hair Gel""Casual Hold"" 100ml, Mens Styling Gel",All Beauty,33.29,0.12,0,control,1,0
O000277,C_2103668,2020-10-02,B07FP2C8N8,"Emilia Hypoallergenic Bath Oil for Babies - Paraben-Free Natural Baby Wash Enriched With Natural Oat Extract, Sunflower, Sweet Almond, Sesame, Calendula, and Chamomile 8.5 fl.oz.",All Beauty,12.95,0.06,0,control,1,0
O000278,C_3107596,2022-02-22,B09FW4M7G8,Bath & Body Works Black Raspberry Vanilla Signature Collection Fragrance Mist 8 Fl Oz (Blackberry Vanilla),All Beauty,10.27,0.12,0,treatment,1,0
O000279,C_3107596,2017-11-27,B00F22YKOS,Magic-Zymes All Natural Odor Remover 1 Gallon Bottle,All Beauty,8.6,0.11,0,treatment,1,0
O000280,C_6112622,2019-01-25,B07G47T1DV,WOKOTO 6Pcs Nail Polish Stickers Strips Self Adhesive Dotting Snow Anchor Image Full Nails Decals Wraps for Nail Art with 1Pc Nail Buffers Files,All Beauty,28.17,0.16,0,control,1,0
O000281,C_2536213,2019-04-02,B07JCYGJC3,"Water Flosser Cordless Oral Irrigator Portable Rechargeable Dental Flossers with 5 Modes & 6 Tips Water Flossing with 300ml Water Tank for Home and Travel, Braces & Bridges Care (Blue)",All Beauty,24.78,0.08,0,control,1,0
O000282,C_2536213,2017-08-12,B00Z5OJPS4,"Organic Doctor Organic Tea Tree Conditioner, 9 fl.oz.",All Beauty,27.14,0.09,0,treatment,1,1
O000283,C_1160421,2015-05-11,B00R8LI7ZO,"Bath Body Dry Brush Best for Lymphatic Drainage wash Toxin Away, Deep Cleansing, Scrub Your Back, Exfoliate, Cleanse, Detox. Natural Boar Bristles, Makes Your Skin Glow",All Beauty,10.29,0.0,1,treatment,0,0
O000284,C_2407974,2022-01-19,B096LJJ4K6,QACCF Women Long Wavy Fluffy Curly Heat Resistant Full Bang Girls Wig (Tan),All Beauty,18.85,0.13,0,control,0,1
O000285,C_4202748,2019-02-10,B07D4C2ZZ9,"Natural Face Wash and Makeup Remover – Deep Cleansing Oil Moisturizer and Face Cleanser Hydrates Skin with Hyaluronic Acid, Olive Oil, Omega 3 and Vitamins (5.41 oz)",All Beauty,18.64,0.15,0,control,1,0
O000286,C_0151384,2018-09-25,B07FX94GYX,"Pore Strips, Blackhead Remover Charcoal Nose Strips Deep Cleansing 24 Strips",All Beauty,21.86,0.05,0,treatment,0,0
O000287,C_0151384,2017-03-30,B01M1OBRBQ,"Real Techniques Bold Metals: Diamond Sponge, Create Shadow or Highlighting, Multi Surfaced for Variety of Application, Synthetic Materials, Latex Free",All Beauty,15.87,0.1,0,treatment,1,1
O000288,C_9035794,2019-11-28,B001281404,"Raines Rain Bonnet With Visor Adult, Colors May Vary",All Beauty,4.57,0.17,0,treatment,1,0
O000289,C_6496828,2020-01-25,B07VM55BYC,"Ownest Holographic Nail Polish, Gorgeous Glossy Holographic Halo Glitter Gel Polish Nail Art Nail Pigment Diamond Laser Nail Polish -LS08",All Beauty,20.3,0.05,0,treatment,1,0
O000290,C_6496828,2019-12-05,B07L6CFNH6,NEE JOLIE 7.5ml 3D Cat Eye Nail Polish Shining Magnetic Nail Art Varnish Manicure Nail Design(6 Bottles),All Beauty,19.53,0.15,0,treatment,1,1
O000291,C_6496828,2019-05-12,B0749FJSN2,"EZGO 42-pack 7"" Flexible Curling Rods, Twist-Flex Hair Curler Roller Set (Transparent PVC Bag)",All Beauty,22.82,0.14,0,treatment,0,0
O000292,C_1492945,2021-02-09,B07KKBCG87,SanerLian Set of 5 Waterproof Temporary Fake Tattoo Stickers Grey Anchor Ship Compass Crux,All Beauty,46.2,0.04,0,control,0,1
O000293,C_9254820,2020-04-13,B07Z5C1KGR,"Bloomy Essentials Top 3 Organic Essential Oils Starter Set 10 mL (1/3 oz) - USDA Certified Organic - 100% Pure Lavender, Lemon and Peppermint",All Beauty,91.46,0.05,1,treatment,1,0
O000294,C_9254820,2017-10-02,B075FVH1XS,"essie Nail Polish, Glossy Shine Finish, Let It Glow, 0.46 fl. oz.",All Beauty,7.26,0.18,0,control,0,0
O000295,C_9254820,2014-05-15,B00G7PCKI2,"Degree Male Adrenaline Series Anti-Perspirant and Deodorant Invisible Solid for Men, Overtime, 2.7 Ounce",All Beauty,14.76,0.05,0,control,0,0
O000296,C_7449925,2019-12-06,B07QNX9TJ3,ZM Ombre Silver Wavy Short Wig Curly Wavy Shoulder Length Bob Synthetic Cosplay Wig for Women's Wigs T1B-Silver,All Beauty,8.53,0.02,0,control,0,0
O000297,C_4202202,2016-04-07,B0131WQ2G4,NYX Cosmetics Glam Shadow Stick - Set of 5,All Beauty,12.58,0.08,0,treatment,0,0
O000298,C_9079833,2021-12-04,B08T7VB9CP,Bath and Body Works TRUE BLUE SPA Pomegranate Super Rich Body Cream Lay It On Thick 10 oz 1 Pack of 3,All Beauty,63.76,0.01,0,treatment,0,0
O000299,C_7876077,2019-09-01,B07Q2VZRNX,Buladou Hair Natural Looking Yaki Straight Synthetic Bob Lace Front Wigs with Dark Roots Medium Length Ombre BOB Heat Resistant Fiber Wigs for Black Women 14inch (1B/JAZZPATTERN),All Beauty,18.49,0.08,0,treatment,0,0
O000300,C_8241860,2017-07-20,B06Y6Q2C7B,"Loofah Bath and Shower Sponge 4-Pack,Mesh Pouf Exfoliating Bath Sponge Body Scrubber Puff (50g/pcs)",All Beauty,9.62,0.11,0,control,0,0
O000301,C_4358973,2016-01-03,B01695MZ9S,"(6) 4 Ounce 4 oz Empty Cobalt Blue Glass Bottles W/black Fine Mist Sprayer (6) 3ml Pipettes (6) Chalk Labels for Essential Oils, Cleaning Products, Aromatherapy",All Beauty,31.57,0.1,0,treatment,0,0
O000302,C_7117503,2013-11-23,B000I1CFC2,Boot Tray,All Beauty,12.97,0.04,0,treatment,1,0
O000303,C_9894460,2019-06-24,B074TG7CVH,"Hair Chalk, Hair Chalk for Girls Brassiness For Silver (medium, 10 colors…)",All Beauty,13.66,0.04,0,treatment,1,0
O000304,C_9894460,2015-08-31,B00OP8NZV4,"ORGANIC MONOI de TAHITI TIARE BUTTER 100 % Natural / 100% PURE BOTANICALS / UNSCENTED. 2 Fl.oz.- 60 ml. For Skin, Hair and Nail Care. ""One of the most extraordinary butters for skin and hair care with Tiare flowers infusion."" by Botanical Beauty.",All Beauty,38.08,0.18,0,control,0,1
O000305,C_2295700,2021-07-09,B08SBV6Z57,"2 Pack Foundation Full Coverage Liquid Foundation, Foundation Primer, 4 Makeup Sponge, Cosmetic Bag, 24HR Matte Oil Control Concealer Foundation (Nude #102+Buff Beige #104)",All Beauty,11.12,0.11,0,control,1,0
O000306,C_2295700,2020-11-04,B086N136NH,"Follain Everybody Bar Soap | Lavender & Bergamot, Skin Moisturizing Hand & Body Cleanser with Shea Butter, Argan Oil, Hydrate for Softer Skin, Non-Drying, Rich-Lather, Cruelty Free, 5 oz",All Beauty,27.71,0.09,0,treatment,0,1
O000307,C_2295700,2020-11-01,B08YJV9YL2,Bouquet Garni Body Shower White Musk - Unique Fragrance Decanting Engineering Method gives Long Lasting Rich Fragrance - Gentle and Mild Cleansing Scented Body Wash with Natural Surfactant 17.85 Fl Oz,All Beauty,12.55,0.19,0,treatment,1,1
O000308,C_2295700,2020-07-30,B08BRS98SF,"Wonder4 Electric Callus Remover - Rechargeable Electric Foot File Callus Shaver Hard Skin Remover Pedicure Tools with 3 in 1 Roller Heads, for Cracked Heels Calluses and Dead Skin",All Beauty,14.4,0.05,0,control,0,0
O000309,C_2295700,2020-07-28,B0894LPRN2,HAISWET 4 Pcs Boho Elastic Cross Headbands with Button for Strap to Protect Ear Wrap Hair Bands,All Beauty,26.9,0.13,0,treatment,0,0
O000310,C_2295700,2020-07-12,B07KG1TWP5,"Organic Bamboo Cotton Ear Swabs by Bali Boo - 200 - Natural Wooden Qtips Cotton Swabs for Cleaning Ears, Baby or Makeup and Nails - Sustainable & Vegan Buds Sticks - Eco Friendly & Biodegradable",All Beauty,17.79,0.02,0,control,1,0
O000311,C_2295700,2020-07-04,B07MN1KJ15,"MBA Renewing Retinol Serum, 1.7 fl. oz, 0.5% Retinol Hydrates & Brightens Skin's Appearance by Diminishing the Look of Breakouts, Hyperpigmentation, and Signs of Aging by Higher Education Skincare",All Beauty,14.06,0.08,0,treatment,0,0
O000312,C_2295700,2020-07-02,B08879N2W3,"Sdara Aloe Vera Gel For Face and Body - Organic & Natural, Soothing & Cooling For Sunburn Relief, Restorative For Dry Skin - Made In USA",All Beauty,14.26,0.1,0,control,0,0
O000313,C_2295700,2020-06-14,B07W397QG4,Iryasa Night Indulge Cream - Natural Face Cream for Dry Skin - Vegan Anti Aging Night Cream for Women - Firming Cream for Face and Neck - Organic Vitamin C Moisturizer for Face - 1.7oz,All Beauty,34.43,0.26,0,treatment,1,0
O000314,C_2295700,2020-06-10,B086VYKNDF,"Aloe Vera Gel 100% Natural Moisturisers - Pure Organic Fresh Soothing Aloe-Vera Moisturizing Gel Skin Hair, Aloe Leaf Wash-free Clean After Sun Face Body (8.8 oz)",All Beauty,14.29,0.15,0,treatment,1,0
O000315,C_2295700,2019-04-19,B07LCHCD6Q,"Water Flosser Cordless Teeth Cleaner, SOOCAS Professional Oral Irrigator 230ML Portable and Rechargeable Water Dental Flosser with 3 Modes and 4 Jet Tips, IPX7 Waterproof, USB Charged for 30 Days Use",All Beauty,63.48,0.12,0,treatment,1,1
O000316,C_2295700,2018-12-06,B071JMGPTH,Royal Locks Curl Rescue Leave in Conditioner | Curly Hair Therapy | Keravis Ultra Conditioning Formula | 4 Oz,All Beauty,28.72,0.16,0,treatment,0,1
O000317,C_2295700,2012-07-17,B007VXJK6E,Oral-B Smartseries 4000 Professional Care Rechargeable Electric Toothbrush,All Beauty,28.08,0.15,0,treatment,0,1
O000318,C_2292516,2021-10-02,B094VG2GKR,"2 in 1 Straightener and Curling Iron 1.25 Inch, Dual Voltage Digital Display Hair Flat Iron-Curling Wands, Ceramic Tourmaline Coating",All Beauty,46.95,0.13,0,treatment,1,1
O000319,C_9745283,2018-03-19,B01LXLVB5Q,"Daixers Stainless Steel Non-Slip Mixing Bowls With Measurements & Silicone Handles,- 5QT/4.5L",All Beauty,19.51,0.16,0,control,0,0
O000320,C_0865416,2020-06-26,B07RD8KL9D,"Valjean Labs Face Mist - Glow | Vitamin C + Magnesium | Brighten and Clear Skin | Helps to Even Tone and Prevent Wrinkles | Paraben Free, Cruelty Free, Made in USA (4 oz)",All Beauty,26.85,0.05,0,treatment,0,0
O000321,C_0865416,2019-01-28,B01IAX199Y,"Clinique 3-Step Kit Travel Size - Acne Solutios Cleansing Gel, Lotion, Dramatically Moisturizing Gel",All Beauty,46.5,0.09,0,treatment,1,0
O000322,C_3572809,2022-08-01,B09GNXK3N1,"Reusable Shower Cap for Women – Leakproof, Nonslip Hair Cap for Shower w/ Comfy Flexiband – Soft, Breathable Shower Caps for Women Reusable Waterproof – Durable, Heavy Duty Shower Cap by SMPL OBJECTS (Marble)",All Beauty,20.89,0.0,0,treatment,1,1
O000323,C_5112320,2021-12-01,B08SLNPD66,Giannay Hair Bob Lace Front Wigs for Black Women Short Straight Lace Wigs Natural Black Color Heat Resistant Fiber Synthetic Wigs 12 Inch,All Beauty,25.52,0.23,0,treatment,1,1
O000324,C_9186539,2021-03-17,B07N53XT2T,Klavuu Nourishing Care Lip Sleeping Pack- Overnight Exfoliating & Nourishing Lip Treatment Balm for Dry Lips - Natural Moisturizing Lip Oil with Vanilla Flavor - Lip Balm to Repair & Protect Lips 0.7oz.,All Beauty,10.96,0.1,0,treatment,0,1
O000325,C_9186539,2021-03-12,B07K1LGWYB,Sweat Cosmetics Gleam On Illuminator. Water + Sweat Resistant Vegan & Cruelty-Free Mineral Shimmer and Highlighter Makeup Brush with SPF 25 Protection,All Beauty,58.52,0.07,0,control,1,1
O000326,C_9186539,2021-02-17,B08PVH18Z6,"WIS Hyaluronic Acid Moisturizing Facial Mask for Women Anti-aging, Deep Hydrating, Remove Wrinkles, 24 Pack Sheet Mask for Dry and Sensitive Skin Care",All Beauty,29.18,0.09,0,treatment,1,1
O000327,C_9186539,2020-11-03,B08H4SYXR4,"Caudalie Vinosource SOS Intense Hydration Set: Hydrating Trio for Sensitive Skin including a Daily Foam Cleanser, Hydrating Serum, Facial Moisturizer",Premium Beauty,19.85,0.16,0,treatment,1,1
O000328,C_9186539,2020-10-23,B08C71WBLC,Moisturizing Facial Emulsion for Restoring Hydrating Smoothing Skin from Manilla Natural Skincare,All Beauty,25.16,0.03,0,treatment,0,0
O000329,C_9186539,2020-10-21,B08J3VX89W,"LAPOTHICELL Blemish Out Cream 50ml, Face Moisturizer, improves uneven skin tone.",All Beauty,8.1,0.04,0,control,1,0
O000330,C_9186539,2020-10-20,B08H2KSHZZ,"CURECODE Neuromide Ampoule (30 ml), Concentrated Formula of Active Ingredients, Microbiome Science for Extremely Sensitive & Dry Skin, Repair and Protect Skin Barrier Function, Brightening and Firming for Mature Skin Types",All Beauty,25.82,0.19,0,treatment,0,0
O000331,C_9186539,2020-09-14,B08WCG4JCC,"GIOVANNI Hemp Hydrating Hair Shine Spray, 4.3 oz. - Hemp Seed Oil, Aloe Vera, Frankincense Helps Stimulate Moisturize & Revitalize Damaged Hair, No Parabens, Color Safe, Lauryl & Laureth Sulfate Free",All Beauty,11.74,0.04,0,treatment,0,1
O000332,C_9186539,2020-09-13,B08CGFR74H,"FRESHME Facial Sheet Masks - Hydrating Face Mask Allantoin Sodium Hyaluronate Aloe Vera and Punica Granatum Fruit Extract Moisturizing Plant Facial Mask, Combo 6 Pack",All Beauty,8.89,0.0,0,treatment,1,1
O000333,C_9186539,2020-09-09,B08WCG4JCC,"GIOVANNI Hemp Hydrating Hair Shine Spray, 4.3 oz. - Hemp Seed Oil, Aloe Vera, Frankincense Helps Stimulate Moisturize & Revitalize Damaged Hair, No Parabens, Color Safe, Lauryl & Laureth Sulfate Free",All Beauty,9.9,0.04,0,treatment,0,0
O000334,C_9186539,2020-08-17,B07DFNPVSF,"Dr. Denese SkinScience Essential Lipid Anti Aging Power Infusion Dry Oil - Skin Nutrients 97% Organic 100% Natural - Rejuvinating Blend with Amaranth & Resveratrol - Paraben-Free, Cruelty-Free - 2oz",All Beauty,29.12,0.13,0,control,0,1
O000335,C_9186539,2020-08-08,B08BNNNMH5,"sdoot Misting Spray Bottle, 2 Pack 200ml Plasitc Plant Spray Bottle Refillable Clear Mist Bottle Sprayer for Hair, Cleaning",All Beauty,16.19,0.0,0,control,0,0
O000336,C_9186539,2020-07-26,B08575Y9V3,[Abib] Creme coating mask Tone-up solution 17g (5pcs),All Beauty,34.99,0.07,0,treatment,1,0
O000337,C_9186539,2020-07-24,B07P4LLZS6,"Easydew 2-Step Face Contour Sheet Mask - Tightening & Anti-Aging & Hydrating Korean Face Mask with DW-EGF, Hyaluronic Acid for Anti-Winkle, Reducing Fine Line & Producing Collagen (Qty 5)",All Beauty,10.61,0.0,0,control,1,0
O000338,C_9186539,2020-07-06,B084MFFX5B,[miclan] Honey Black Rice Moisturizing Mask 10pcs - Mediheal Family Brand Facial Sheet Mask Full of Moisturizing Revitalize Skin with Black Rice and Honey,All Beauty,19.11,0.1,0,treatment,0,1
O000339,C_9186539,2020-07-06,B087LVRGN1,"Spray Bottle, RUCKAE Airless Spray Bottle with Fine Mist Sprayer 4pcs 3.4oz/100ml + 1pc 1.7oz/50ml, Vacuum Travel Bottles Clear Refillable Container for Perfume, Toners, Soothing Water, Rose Water",All Beauty,30.33,0.0,0,treatment,0,0
O000340,C_9186539,2020-07-01,B07ZS3DKL5,"Higher Education Skincare: Goal Digger - Silky Moisturizing Cucumber Creme; formulated for dry and sensitive skin; cucumber extract; natural extract: melon, kale, cabbage, ginger, turmeric - 1.7 fl oz",All Beauty,18.04,0.16,0,control,1,0
O000341,C_9186539,2020-06-26,B085SWH8RG,"Organic Vitamin C Serum For Face with Hyaluronic Acid - Luxurious Formula Made with Only Natural Organic Ingredients. For Acne, Wrinkles, Fine Lines, Age Spots, Sun Damage (1 oz)",All Beauty,26.99,0.12,0,treatment,1,1
O000342,C_9186539,2020-06-10,B0842Z95FV,"The Crème Shop Korean Skin Care | But First, Water Face Moisturizer Hyaluronic Acid Water Cream for All Skin - Vitamin C, Nature, Hydrate, Smooth, Anti Aging, Acne Treatment Face Moisturizer for all skin types",All Beauty,28.31,0.17,0,treatment,1,0
O000343,C_9186539,2020-03-19,B085C6RN9R,"Women Headband,Pack of 4 Alygado Boho Floal Style Criss Cross Head Wrap Hair Band (style21-24)",All Beauty,35.55,0.07,0,treatment,0,1
O000344,C_9186539,2020-03-10,B07PCLLWHJ,"UNPA Bye Bye Cica Serum : Deep Hydrating and Repairing Centella asiatica (Gotu kola) & Madecassoside Extract Recovery Ampoule. Moisturizer Soothes Stressed Skin & Reduces Redness, 1.01 Ounce",All Beauty,11.27,0.21,0,treatment,1,0
O000345,C_9186539,2020-03-02,B083QKQXCH,"SUR.MEDIC+ 5 Types Recharging Energy Facial Solution Mask Sheet, 10 Pack, Hyaluronic Acid, Vitamin C, Collagen, Glutathione-One Day One Sheet",All Beauty,7.65,0.09,0,treatment,0,0
O000346,C_9186539,2020-03-02,B07RM722DH,"Queendom Unlashed Mascara | Volumizing and Lengthening | Boosts Lash Length | Vegan, Cruelty Free, Paraben Free",All Beauty,36.19,0.03,0,treatment,1,0
O000347,C_9186539,2020-02-24,B0848VJ18X,"Native Deodorant - Natural Deodorant For Women and Men - 3 Pack - Aluminum Free, Free of Parabens and Sulfates - Vegan, Contains Probiotics - Linen & Cotton Flower, Peony & Jasmine Tea, Sweet Almond & Honey",All Beauty,5.28,0.05,0,treatment,1,0
O000348,C_9186539,2020-02-20,B07Z5BW8WL,"Bloomy Essentials Organic Tea Tree Essential Oil 10 mL - USDA Certified Organic - Hair, Skin, Toenail Fungus, and Acne - 100% Pure",All Beauty,7.22,0.13,0,treatment,0,0
O000349,C_9186539,2020-02-17,B0046BPTI2,"Hylunia Facial Day Lotion - 1.7 fl oz - Anti-Aging for Wrinkles - with Shea Butter, Hyaluronic Acid Serum, Zinc - Natural Vegan Moisturizer - Rapid Skin Repair",All Beauty,28.89,0.01,0,treatment,1,0
O000350,C_9186539,2020-02-06,B07ZG3V78Z,Neva Nude Blue Myself Loose Pigment Sparkle Dust Shimmer Eyeshadow Highlighter VEGAN,All Beauty,24.15,0.0,0,treatment,0,0
O000351,C_9186539,2020-02-03,B07TNSGHVX,"Brittanie's Thyme Hyaluronic Acid Serum, 8 oz, 100% Botanical Professional Clinical Strength for Face | Anti-Aging Anti Wrinkles & Hydrating Skincare Treatment",All Beauty,36.96,0.06,0,treatment,0,0
O000352,C_9186539,2020-02-01,B07XG74ZQ3,4 in 1 Travel Dispenser Bottle Sets (Pink),All Beauty,25.04,0.0,0,control,1,0
O000353,C_9186539,2020-01-04,B07XF5F1X9,"Way Of Will Sweet Orange Body Wash, Moisturizing Body Wash with Sweet Orange Essential Oil, Body Wash for Women and Men, Paraben and Sulfate Free, 120 mL",All Beauty,13.87,0.01,0,control,1,0
O000354,C_9186539,2019-12-24,B07J1LYVHC,"ABOUT ME MediAnswer Collagen Firming Up Mask 4ea (1box) 25g - 77% Pure Collagen Extract Anti-Aging Total Care Facial Mask Sheet, Powerful Hydrating and Anti-Wrinkle Night Skin Care",All Beauty,60.69,0.12,0,control,0,1
O000355,C_9186539,2019-12-23,B07NPWK167,"13.5 fl. Oz. Goat Milk Facial Cleanser, Moisturizing Face Wash for Women, Hydrating Natural Face Wash, Anti-aging Face Wash, Face Wash for Aging Ski",All Beauty,15.23,0.12,0,control,1,0
O000356,C_9186539,2019-12-20,B019O277A0,"Elbahya Natural Hair Repair Serum - Curly Treatment for Damaged Hair with Moroccan Argan Oil and Shea Butter Serum, for all Hair Types",All Beauty,35.8,0.08,0,treatment,0,0
O000357,C_9186539,2019-12-19,B07QG231LQ,"COSMETEA Korean Essence Face Masks - T1 Oolong Tea Hydrating Ampoule Full Facial Masks 10 Pack Treatments, Care Your Skin Anti-Aging, Anti-Wrinkle, Purifying, Deep Moisturizing with Hyaluronic Acid",All Beauty,32.78,0.11,0,treatment,0,0
O000358,C_9186539,2019-12-19,B07J2QZBTP,"C.O. Bigelow No. 007 Dr Hiosous Quince Hand Lotion, 4 Ounces",All Beauty,27.59,0.15,0,control,0,0
O000359,C_9186539,2018-12-03,B06Y44MMT6,Segbeauty empty bottle 082,All Beauty,53.48,0.09,0,control,1,0
O000360,C_9186539,2017-03-03,B01AWXGD3M,True by Made Beautiful Hydrating Hair Butter 12oz,All Beauty,14.98,0.03,0,control,0,0
O000361,C_1074808,2019-02-01,B078N4PJQY,"JMsDream Bath Mat with Pillows Full Body PVC Foam Non-slip Support Your Head, Neck, Shoulder, Back and Tailbone",All Beauty,23.78,0.03,0,control,0,0
O000362,C_9523628,2019-06-02,B00UVN1H6C,JOAN RIVERS The Right To Bare Legs 6-Ounce Moisturizer (3-Pack),All Beauty,16.55,0.11,0,control,0,0
O000363,C_6390509,2018-02-05,B01800LTG0,Hot Buns Simple Styling Solution for Dark Hair (Pack of 2 Large),All Beauty,15.87,0.08,0,treatment,0,1
O000364,C_0845245,2019-06-12,B00BNARG9O,Versace Yellow Diamond Perfumed Deodorant Stick 50ml/1.7oz,All Beauty,21.34,0.2,1,treatment,0,0
O000365,C_6898210,2020-05-26,B082PW35NV,"CISAY Foot File,Q1 Nanoglass Foot Scrubber For Long-Lasting Skin Smoothing Effect, Callus Removal Foot For Dry Feet, Wet Feet, Dead Skin, Hard and Dry Skin,Magical Pedicure Tools (Blue)",All Beauty,21.46,0.09,0,treatment,0,1
O000366,C_6898210,2018-10-21,B07H8Y5QT2,"Facial Hair Remover for Women, ZACCER Painless Hair Removal Waterproof Shaver Razor with LED Light for Peach Fuzz Fine Hair Chin Cheek Upper Lip",All Beauty,9.66,0.06,0,treatment,0,0
O000367,C_3051308,2021-02-09,B07X4FLT7L,"InnoGear Toiletry Bags, Clear Travel Bags for Toiletries Carry On Airport Airline Compliant Bag Cosmetic Makeup Bags, Pack of 4, Black",All Beauty,24.3,0.13,0,control,1,1
O000368,C_8640375,2021-04-22,B08YWJP9PJ,"Jmassyang 12pcs Banana Hair Clips Set, 4 Styles Plastic Flexible Interlocking Banana Clip Fishtail Ponytail Holder Comb Vintage Banana Clip Fish Clips Holder Hair Accessories for Women Girls",All Beauty,56.32,0.0,0,treatment,0,0
O000369,C_8640375,2018-02-20,B01L71F5XW,Gellwhu 8PCS Mom and Me Headband Baby Girls Headwrap Knot Hairband Hair Bow Set,All Beauty,24.03,0.15,0,treatment,0,1
O000370,C_5217445,2021-02-12,B0882TZR45,"Electric Nail Drill kit, Professional Nail File Kit for Acrylic, Gel Nails, Manicure Pedicure Polishing Shape Tools Design for Home Salon Use with 11Pcs Nail Drill Bits and 56 Sanding Bands(Pink)",All Beauty,13.8,0.16,0,treatment,0,0
O000371,C_4096825,2021-03-20,B07L44GXXP,"DESIGNLINE Working Spray, 9 oz - Regis Ultimate Flexible Spray Styling Aid",All Beauty,19.55,0.07,0,control,1,0
O000372,C_9587489,2021-05-03,B07927V3SQ,"BEN & ANNA Vanilla Orchid Deodorant, 60 GR",All Beauty,9.19,0.13,0,control,0,1
O000373,C_0214242,2018-03-04,B074CQC2NG,"CosmeSearch, Inc. Ultra Secret Lift Pro - Instant Neck Lift",All Beauty,15.05,0.18,0,treatment,1,0
O000374,C_5805545,2018-03-20,B01AS1T9O8,"Smashbox Be Legendary Cream Lipstick, Nude Beach, 0.1 Ounce",All Beauty,13.54,0.11,0,control,0,0
O000375,C_3541010,2022-05-29,B09V4FQRLN,Kiromiro Eyelashes Wispy Natural False Lashes Fluffy Faux Mink Eyelashes Clear Band Short 3D Lashes Pack,All Beauty,24.23,0.04,0,control,0,1
O000376,C_3541010,2022-05-29,B09QSLMPR5,False Eyelashes Natural Look Wispy Faux Mink Lashes Fluffy with Clear Band Wispy Strip Natural Lashes Pack by Kiromiro,All Beauty,18.94,0.16,0,control,0,1
O000377,C_4963599,2019-05-20,B07GRQ1FZ3,Sedittyhair 18 inch 6 Packs Dreadlocks Hair Extensions Synthetic Crochet Braiding Hair Fashion Reggae Hair Hip-Hop Style,All Beauty,12.59,0.13,0,control,0,0
O000378,C_7317955,2020-11-17,B08CKCV9HD,"Poly Nail Gel Kit Nail Extension Gel Builder, Poly Nail Gel Enhancement System For Nail Art, 6 Crystal Basic Colors Poly Gel 15mL/Each",All Beauty,45.82,0.0,0,treatment,1,0
O000379,C_4795673,2018-07-31,B074KD4PX2,Electric Portable Bidet,All Beauty,11.47,0.0,0,control,0,0
O000380,C_7402737,2023-01-22,B0BL3HSBZB,"JPSR Fake Teeth, 2 PCS Dentures Teeth for Women and Men, Dental Veneers for Temporary Teeth Restoration, Nature and Comfortable, Protect Your Teeth and Regain Confident Smile, Natural Shade",All Beauty,14.7,0.1,0,treatment,0,0
O000381,C_7249196,2020-02-16,B07WV6JHVM,Kopari Starry Eye Balm- Hydrating + Moisturizing Formula with Hyaluronic Acid and Caffeine to Remove Puffiness Under Eyes and Smooth Wrinkles,All Beauty,22.35,0.11,1,control,0,0
O000382,C_7249196,2019-09-19,B075MPBJDF,Kopari Coconut Kiss Kit,All Beauty,7.95,0.15,0,treatment,0,0
O000383,C_1516906,2021-02-18,B0B2L218H2,"PINROSE Perfumes Bold Soul - Eau de Parfum Petals (Fragrance Towelettes) - Vegan, Cruelty-free, and Hypoallergenic Scent with Essential Oils - Notes of Crushed Blackberry, Tuberose, Vanilla, Cinnamon and Patchouli",All Beauty,9.74,0.0,1,treatment,0,0
O000384,C_2539376,2018-12-30,B079JPNPF3,"Aeroblend Airbrush Makeup Foundation (O35), Suitable for All Skin Type Giving Flawless Effect, Hypoallergenic Foundation, Fragrance Free and Long Lasting",All Beauty,22.99,0.19,0,control,1,0
O000385,C_8549778,2018-04-09,B0756DJ3N9,Curling Iron 1 Inch with Tourmaline Ceramic Coating Ionic Hair Curling Wand with Anti-scald Cool Tip for Waver Curler Long and Short Hair,All Beauty,16.32,0.06,0,treatment,1,0
O000386,C_8549778,2017-06-08,B01KZNUGNC,Nail Polish， Misaky Art Template Stamp Stamping Painting Varnish Manicure Design (Black),All Beauty,78.17,0.11,0,control,1,1
O000387,C_2456562,2022-11-08,B07K5MGRZS,Evolve Satin Edge Wrap Scarf,All Beauty,4.29,0.15,0,treatment,1,1
O000388,C_2456562,2022-02-24,B0974GWS7Z,"Rcool Ice Face Roller & Gua Sha,Face Massager,Facial Beauty Ice Roller Skin Care Tools,Skin Care Products-For Face&Eyes,Remove Fine Lines,Shrink Pores,Reduce Acne and Lubricate the Skin. (Blue)",All Beauty,9.28,0.06,0,treatment,0,0
O000389,C_3463653,2021-04-29,B08L6H9B1H,"4 Pieces Colorful Party Wigs, Short Bob Wigs, Daily Party Hairpiece for Women Girls , Wigs for Women with 4 Wig Caps - Bachelorette Party Supplies, Favors, Decorations(White, Green, Orange, Sky Blue)",All Beauty,20.35,0.08,0,treatment,1,1
O000390,C_9419702,2020-11-21,B07RX25PSS,L’ange Hair Siena Paddle Nylon Brush | Blush Nylon & Boar Bristle Hair Brush | Lightweight Detangling Hairbrush for All Hair Types,All Beauty,19.88,0.13,0,treatment,1,1
O000391,C_4426979,2020-11-16,B08F2ZJP48,"Kopari Peptide Glow Hydrating Moisturizer Face Cream | Hyaluronic Acid All Natural Vegan Coconut Lightweight Cream for Everday Use For Smooth Skin, Combats Fine Lines and Wrinkles | Cruelty Free 1.7oz",All Beauty,17.21,0.09,0,treatment,1,0
O000392,C_4478548,2022-01-02,B0924GT395,"OSRSR Cryo Sticks,Unbreakable Stainless Steel Beauty Ice Facial Massage Tools for Woman,Skin Case Ice Globes Cryo Spoons,Cooling Globes Cold Globes for Face,Eyes & Neck",All Beauty,15.35,0.14,0,control,1,0
O000393,C_4478548,2021-11-25,B08RYN11N9,"Sand & Sky Face Roller & Massager Tool. Aussie Skincare Essentials Firming Face Roller, Sculpt, Sooth & Contour to Banish Puffiness and Boost Serum Absorption.",All Beauty,47.79,0.0,0,control,1,0
O000394,C_4478548,2021-11-11,B09GVHT2D3,"Birthday Gift, Yachyee hair removal device",All Beauty,15.96,0.16,0,control,1,1
O000395,C_4478548,2021-10-21,B0868W34QW,"Fascy Korean Nourishing Coating Hair Mask, Instant Hair Treatment, Argan Oil, Hair Mask Sheet, Hair Mask Cap, Amino Acid Complex, Treatment for Dry or Damaged Hair, Split Ends & Frizzy Hair Repair (10 pcs / a pack) (1.014 Fl.Oz. x 10)",All Beauty,31.5,0.01,0,treatment,0,0
O000396,C_4478548,2021-10-20,B093VL2JQQ,10 PCS Women Headbands Elastic Soft Hair Bands Solid Color Non Slip Sweat Hair Wrap Yoga Sport Head Band for Girls,All Beauty,72.56,0.07,0,treatment,0,0
O000397,C_4478548,2021-10-19,B09766LY1D,"5pcs Silicone Face Mask Brush Applicator Makeup Brushes, Silicone Facial Mask Brush Face Mask Applicator Brush Facial Brushes set,Makeup Tools for Apply Mask Cream Lotion",All Beauty,35.1,0.11,0,treatment,1,0
O000398,C_4478548,2021-10-06,B09FDZTZ8Q,"Silicone Scar Roll, Professional Sheets for Scars Caused by C-Section, Surgery, Burn, Keloid, Acne, and More, Drug-Free,[1.5M]",All Beauty,21.03,0.25,0,treatment,1,0
O000399,C_4478548,2021-10-03,B098JXHFJJ,BONDTIGHT Jade Roller for Face Jade Roller Gua Sha Set Face Roller Massager Tool for Face Skin Care Tools Roller Relieve Wrinkles Tighten Skin,All Beauty,14.5,0.09,0,treatment,0,1
O000400,C_4478548,2021-10-02,B0971V4RL1,April22 Honey Mask,All Beauty,39.72,0.16,0,treatment,1,0
O000401,C_4478548,2021-09-22,B09BN5TYK5,COSYOO Fashion Boho Headbands for Women 12PCS Hair Band Elastic Vintage Button Knotted Headbands Head Wrap Floral Bandeau Headbands,All Beauty,7.97,0.19,0,control,1,0
O000402,C_4478548,2021-09-12,B0924896KW,"SIAMHOO Face Wash Refreshing Facial Cleanser with Natural Sea Buckthorn Deeply Clean Pore & Acne Oil Control Cleansing Skincare, 125ml",All Beauty,26.11,0.03,0,treatment,1,1
O000403,C_4478548,2021-09-11,B09BR43CS5,LAPCOS Lifting Booty Mask - Lifting & Sculpting Body Sheet Mask - Tighten & Moisturize Skin - Fight Signs of Aging - Korean Beauty Favorite (1 pack),All Beauty,6.42,0.1,0,control,1,0
O000404,C_4478548,2021-09-04,B0932BXNKC,"Stay Safe Hand Wash, Hand Soap with Lavender Oil and Tea Tree Oil for Skin, Essential Oil Hand Soap Dispenser, 12 fl oz",All Beauty,24.3,0.19,0,treatment,0,0
O000405,C_4478548,2021-08-23,B097Q6DQCD,"Stainless Steel Gua Sha Scraping Massage Facial Tool, Great for Face Skin Care, Easy to Use",All Beauty,17.25,0.15,0,treatment,1,0
O000406,C_4478548,2021-08-22,B098HXPSV3,"Bachelorette Party Hair Ties with Laser Diamond Card,Bridesmaid Proposal Gifts Set of 7,Spiral Hair Ties Scrunchies,Bridal Shower Wedding Favors Souvenirs Decorations for Guest (Purple)",All Beauty,9.16,0.12,0,control,0,0
O000407,C_4478548,2021-08-15,B099NQM7MF,"Silk Exfoliating Mitt,Deep Exfoliating Mitt Body Scrub And Face Scrub,Dead Skin Removal Smooth Skin And Keratosis Pilaris Treatment",All Beauty,14.86,0.18,0,control,1,0
O000408,C_4478548,2021-07-23,B08Z2TZTMY,"Vitamin C Cream - USDA Certified Organic Facial Cream - Advanced Formula - Potent Botanical Blend - Anti-Aging, Hydrate, Anti Wrinkle, Diminish Blemishes - 2oz",All Beauty,22.42,0.07,0,control,0,0
O000409,C_4478548,2021-07-20,B0919SX5DN,"Jade Roller, Face Roller, Facial Beauty Roller Skin Care Tools, Natural Jade Stone, Face Massager, GUA SHA Set",All Beauty,11.93,0.0,0,control,1,1
O000410,C_4478548,2021-06-14,B08R2MJJV3,"SHINSIAVIEW Vita Plus Moisturizing Pure Essence 1.05 Oz (30g) l Lithgt and Portable Spout Pouch Style for Anytime(include Travel, Camping) (5 Pack)",All Beauty,11.03,0.01,0,treatment,1,0
O000411,C_4478548,2021-06-14,B08JJC9594,YISIBIA Nipple Covers For Women Disposable Self-Adhesive Satin Nipple Stickers Petals Breast Pasties 40 Pairs (light beige),All Beauty,16.09,0.0,0,treatment,0,1
O000412,C_4478548,2021-06-07,B093YZRFLW,24K Gold Under Eye Patches Eye Masks For Dark Circles And Puffiness with lifting effect 20 pairs 40 pcs Revitalize and Refresh Your Skin,All Beauty,47.12,0.03,0,treatment,1,0
O000413,C_4478548,2021-05-23,B08KFKKPBB,Sia Botanics Vitamin C + Lemon Peel Brightening Cleanser Concentrate (4 oz),All Beauty,33.58,0.06,0,treatment,1,0
O000414,C_4478548,2021-05-21,B08F2RBJJ3,Frecia’s Allure Rose Quartz Face Roller Gua Sha Set – Brazilian Rose Quartz Gua Sha Stone Set with Neck & Face Sculpting Tool & Eye Massager Mini Facial Roller – 4-Tool Lymphatic Drainage Massager Set,All Beauty,88.69,0.0,0,control,1,1
O000415,C_7442237,2022-11-29,B0B8DB17VT,Folding Comb Boar Bristle Brush Pocket Hair Brush - Anti-Static Hairbrush with Nylon Bristle for Women Men Salon Beauty Styling Backcombing (Brown),All Beauty,35.05,0.25,0,treatment,0,1
O000416,C_1696777,2021-04-19,B0881FJSHT,Mixigoo Makeup Brush Cleaner Dryer - Electric Spinner Cleaner Super Fast with 8 Rubber Collars Tools Suitable for Most Makeup Brushes (White) (Pink),All Beauty,29.63,0.12,0,treatment,0,0
O000417,C_1696777,2020-12-17,B09Q3X5YWR,"Physicians Formula Highlighter & Contour Powder Palette, Shimmer Strobing, Fragrance Free, Paraben Free, Gluten Free, Dermatologist Tested",All Beauty,10.61,0.13,0,control,1,1
O000418,C_1696777,2020-12-16,B07DMD8M5T,DND Base and Top (Base and Top No-Cleanse),All Beauty,10.34,0.09,0,control,0,0
O000419,C_4201257,2018-02-25,B007MB4YW0,"LOVATIC Flawless Eyebrow Hair Remover - Portable, Precise and Safe Eyebrow Shavers, Easy To Use - Instant and Painless Electric Eyebrow Trimmer, A Perfect Present For Women",All Beauty,11.49,0.06,0,control,0,0
O000420,C_8502115,2019-12-18,B07TK6647L,"JOYYUM 1875W Professional Hair Dryer with Concentrator Negative Ionic Conditioning - Powerful, Lightweight, Fast Blow Dryer with Cool Shot, 2 Speed and 3 Heating, Black and Rose Gold",All Beauty,19.25,0.01,1,treatment,0,0
O000421,C_2794168,2020-08-12,B01MT3CBB6,SHISEIDO FT SENGANSENKA PERFECT WHIP FACIAL WASH (4.2oz/120g) 2 set,All Beauty,14.78,0.09,0,treatment,0,1
O000422,C_1448064,2016-09-08,B019TSJ9MI,"Cutex Nail Polish Remover, Regular 2 oz (Pack of 2)",All Beauty,37.93,0.0,0,treatment,0,1
O000423,C_1448064,2014-09-17,B00HA72I8S,Gold Bond No Mess Powder Spray Classic Scent 7 Oz (3 Pack),All Beauty,39.96,0.01,0,control,1,0
O000424,C_0374708,2021-05-02,B08SQKBBP8,"Nature Colored Cotton Dry Baby Wipe For Sensitive Skin - Cashmere Feel, 300 Wipes, Wet and Dry Dual Use for Baby and Adult Skin Care and Daily Use",All Beauty,28.6,0.12,0,treatment,0,1
O000425,C_0374708,2021-03-17,B087P9SLRC,Relbcy Matte Coffin Press on Nails Medium Fake Nails Acrylic Full Cover False Nails for Women and Girls (24 PCS) (Blue),All Beauty,22.91,0.0,0,treatment,1,1
O000426,C_0374708,2020-01-05,B078BXGW8L,"Frcolor Furry Headband, Pom Pom Ball Cat Ear Headband for Halloween Christmas Party Birthday Cosplay, 3Pcs",All Beauty,11.39,0.1,0,treatment,1,0
O000427,C_0340089,2020-11-28,B08L5XMLFZ,"Emirde Collapsible Foot Bath Basin for Travel, Multifunctional Waterproof Portable Foot Tub for Soaking Feet, Washing Clothes, Vegetables and Fruits, Outdoor, Camping (21L)",All Beauty,28.1,0.08,0,control,1,1
O000428,C_0340089,2020-09-24,B08B4RN9WN,"UV LED Nail Lamp, UPGRADE 90W Nail Dryer with Fan to Relieve Burns, Fast Dry Gel Polish Lamp Professional Curing Light for Fingernail and Toenail Auto Sensor Nail Machine",All Beauty,21.22,0.18,0,control,0,1
O000429,C_0340089,2020-09-20,B08CZ99R3K,"Nail Polish Remover Tools Set, 10pcs Nail Clip Caps, 2pcs Nail File, 100pcs Nail Remover Cotton Pads, 1pc Brush, 2pcs Sponge Finger Separator, 2 Cuticle Scraper and Pusher,1pc Pump Dispenser Bottle",All Beauty,15.78,0.09,0,control,0,0
O000430,C_0340089,2020-09-11,B08B1PR9C7,"Poly Gel Nail Kit, opove Nail Builder Gel Extension Nail thickening Solution French Nail Art Equitment - 6 Colors 15ML",All Beauty,20.19,0.08,0,control,1,1
O000431,C_0340089,2020-05-29,B085M95TX2,"Color Changing Nail Polish, Gel Nail Polish Set, Nail Thermal Sensitive Liquid, Black Nail Polish Gel, Nail Art Brush Changeable Color Changing Liquid Kit 4Parts",All Beauty,15.94,0.0,0,treatment,1,1
O000432,C_0340089,2019-11-10,B07VKKLHS6,"Sea Salt Soap, Sea Mineral Soap, Invigorating Bath Soap, Cleaner Removal Pimple Pores Acne Goat Milk Moisturizing Face Care Soap, for All Skin type",All Beauty,9.18,0.03,0,treatment,0,1
O000433,C_0340089,2019-10-26,B07W3FXQ23,"Hair Mask,Natural Repair Rejuvenating Hair Mask,Moisturizing Nourishing Hair for Dry and Damaged Hair,Professional Heating Deep Conditioning Hair Treatment",All Beauty,40.12,0.06,0,control,0,0
O000434,C_0340089,2019-09-17,B07V9V5R48,"Liquid Foundation Cream, Concealer Cover Cream, BB Cream, Flawless Colour Changing Foundation Makeup Base Nude Face Liquid Cover Concealer, Universal for ALL Skin Types, SPF 15 Shell, 1.41 Fl Oz",All Beauty,12.25,0.1,0,control,0,1
O000435,C_1353446,2017-03-14,B01IPP2036,"Alaffia - Coconut Reishi Body Balm, Non-Greasy Moisturizing Support Perfect for All Skin Types, Hair, and Beards with Shea Butter, Neem, Coconut, and Baobab Oil, Fair Trade, Lavender Coconut 1.5 Ounce",All Beauty,91.17,0.0,0,control,1,1
O000436,C_4991445,2017-09-14,B009SNONTO,Germa Manteca Ubre Plus with Tea Tree Oil 3oz 6-Pack,All Beauty,27.05,0.12,0,treatment,0,1
O000437,C_2944662,2020-02-11,B0064QT9MO,DENTAL CONCEPTS brushpik 275,All Beauty,6.94,0.07,0,treatment,0,1
O000438,C_6551286,2019-09-19,B07QB96HW1,"Ebanel 2.5% Retinol Serum for Face with Hyaluronic Acid, Peptide, Vitamin C, Pore Minimizer Skin Tightening Anti Aging Serum Minimizes Wrinkles, Fine Lines, Dark Spots, Age Spots, Acne Scars, 2-Pack",All Beauty,22.47,0.07,0,control,1,1
O000439,C_8648202,2017-02-13,B01H1RGQGQ,Electronic Foot File Professional Pedicure Tools Foot Care Callus Remover for Dead Hard Cracked Skin on Feet Include 2 Mineral Pumice Stone Rollers and Massage Roller Head,All Beauty,82.29,0.04,0,control,1,1
O000440,C_2128699,2015-01-01,B00DR75MOM,This Season's Colors Tie Dye No Crease Stretch Elastic Headband Hair Ties. Set of 5,All Beauty,14.76,0.26,0,control,0,0
O000441,C_2128699,2009-12-25,B000LX69SI,Foot Stool Heavy-Duty,All Beauty,49.82,0.2,0,treatment,0,1
O000442,C_8470960,2018-11-06,B07HH18JK6,"invisibobble SLIM Traceless Spiral Hair Ties - Pack of 3 - Strong Elastic Grip Coil Hair Accessories for Women - No Kink, Non Soaking - Gentle for Girls Teens and Thick Hair - Time to Pink",All Beauty,25.43,0.19,0,treatment,1,0
O000443,C_8470960,2018-11-06,B01BZVADRW,Women's Beauty Sample Box,All Beauty,17.54,0.04,0,treatment,1,0
O000444,C_8526420,2020-04-17,B07B8CN1MZ,TravelMore Large Hanging Toiletry Bag Travel Cosmetic Kit - Large Essentials Organizer - Sturdy Hook Makeup Bag - Heavy Duty Waterproof (Black),All Beauty,14.59,0.0,0,treatment,1,0
O000445,C_7240324,2023-03-11,B0BXB4J297,Moroccanoil Color Care Conditioner,All Beauty,25.57,0.03,0,control,0,0
O000446,C_7240324,2022-08-29,B0B1MBRVDS,"Everyday Beauty Strawberry Exfoliator, Nourishing, Hydrating, and Rich Antioxidant Exfoliating Scrub with Ginseng, Strawberry Seeds, and Black Currant for Dry Dehydrated, and Aging Skin, 1.7 oz. Jar",All Beauty,7.63,0.1,0,control,0,0
O000447,C_7240324,2022-08-06,B0B4JP5YD9,"ELLI K ESSENTIAL SINCERITY FROM AZ TIME REVERSE CREAM - Made in USA - Anti-Aging Face Moisturizer for Dry & Rough Skin – Repairing Treatment Cream – Highly Concentrated Formula, 1.76 oz.",All Beauty,5.8,0.11,1,treatment,0,0
O000448,C_7240324,2022-06-11,B08HVRP54L,"So'Bio Étic | Moisturizing Fresh Gel Cream | Organic Face Moisturizer for Combination Skin | 24 hr Hydrating, Balancing & Plumping | 0.5 fl oz",All Beauty,8.29,0.2,0,treatment,1,0
O000449,C_7240324,2021-10-02,B096YFBWGX,"XXI Skin | Bio-Pure Vitamin C Lotion | Provides 24 Hours of Hydration | Minimizes Fine Lines, Daily Facial Moisturizer, 2 Fl Oz.",All Beauty,13.35,0.08,0,control,1,0
O000450,C_7240324,2021-09-02,B0932Z1NM1,"SUPRENT Razors for Men with Matrix Cutter Head, 38.5° Golden Angle Shaving Kit for Men, Travelling Razor Kit-1 Mens Razor Handle, 2 Blade Refills,1 Dock,1 Shave Foam",All Beauty,19.39,0.12,0,control,1,1
O000451,C_7240324,2021-08-30,B08SVXBVBW,"TINAZANA Pineapple Deep Cleanser | Vegan, Foaming Daily Facial Cleanser, Perfect Foam Peeling, Removes Pore Waste and Dead Skin Cells, Paraben-free, Korean Skin Care, Gift for Women, 4.23 Oz (120g)",All Beauty,24.61,0.0,0,treatment,0,1
O000452,C_7240324,2021-05-21,B08SG2MBRY,"HASK CUCUMBER + ALOE Body Wash 2 Pack- Refreshing, vegan formula, hypoallergenic, dermatologist tested, pH balanced- 2 Pack of 24.5 oz Bottles",All Beauty,12.86,0.03,0,control,1,1
O000453,C_7240324,2021-05-13,B08XJWLLKQ,"John Frieda Detox and Repair Shampoo and Conditioner Set with Nourishing Avocado Oil and Green Tea, 8.45 Fl Oz (Pack of 2)",All Beauty,37.1,0.12,0,treatment,1,1
O000454,C_7240324,2021-02-10,B08JTNQFZY,GAINWELL,All Beauty,15.31,0.16,0,treatment,1,1
O000455,C_7240324,2021-01-25,B08L4HTQ3R,Huxley Secret of Sahara Clay Mask Balanced Blend 4.23 fl. oz. | Korean Clay Mask to Refine Pores and Absorb Excess Oil and Sebum | Made with Moroccan Rhassoul Clay,All Beauty,27.19,0.24,0,control,1,1
O000456,C_7240324,2021-01-25,B08LFYMGS5,"MU TENUTO Berceuse Water Gel Cream (2.36 fl. oz.) - Hypoallergenic Refreshing & Hydrating Facial Gel Cream with Natural Ingredients, Night Skin Care by Classical Music, Comfortable Lavender Fragrances",All Beauty,23.83,0.06,0,control,0,0
O000457,C_7240324,2021-01-16,B083ST1B9D,"EXURE Revitalize with Amla and Argan Oil, 8fl. oz. (240ML)",All Beauty,28.6,0.07,0,control,1,0
O000458,C_7240324,2021-01-16,B07YS9W97B,"EASYDEW Starter Moist Whip Foam 5.07 fl oz - Non-Drying, Gentle & Purifying Foaming Cleanser with Ceramide I Exfoliating Daily Face Wash that Removes Dirts and Makeup",All Beauty,37.28,0.02,0,treatment,0,1
O000459,C_7240324,2020-12-05,B08LYT4Q2X,"Organic Sweet Almond Oil and Fractionated Coconut Oil Bundle for Hair and Skin, 100% Pure and Natural, Hexane-Free, Moisturizing, For Healthy Skin, Silky Hair, Multiuse Body Oil, 16 fl. Oz X 2",All Beauty,5.53,0.12,0,treatment,1,0
O000460,C_7240324,2020-11-25,B08CH5PC9W,"FRESHME Mud Mask - Facial Mask Kaolinite Clay Masks Cleansing and Moisturizing Brightening Smoothing Face Mask, 3.4 fl oz",All Beauty,5.61,0.11,0,treatment,1,0
O000461,C_7240324,2020-11-17,B08M3C6LVS,"24K Gold Under Eye Mask– 20 Pairs- Under Eye Patches with Face Massager Roller, Anti-Aging Hyaluronic Acid Collagen Eye Masks for Dark Circles and Puffiness Dark Under Eyes Treatment",All Beauty,19.11,0.14,0,control,0,0
O000462,C_7240324,2020-10-26,B0851QJPZY,Gentlehomme Face Moisturizer For Men - Mens Facial Lotion with Neroli Essential Oil Scent - Collagen & Stem Cells - Daily Anti-Aging Moisturizer for Dry & Oily Skin - 4 oz,All Beauty,17.59,0.14,0,treatment,1,0
O000463,C_7240324,2020-10-03,B08BB3P4VQ,"Hemp Lotion for Dry Skin - Soothing Rose Flower & Aloe Hydrate Your Complexion - Non-Greasy, Vegan, 7Oz, 250Mg Hemp, Fragrance & Paraben Free - Guayaquil By La La Leaf",All Beauty,22.82,0.1,0,treatment,1,0
O000464,C_7240324,2020-09-26,B08DYFZMGJ,Dog Paw Washer Automatic Cleaner for Small and Medium dogs with Brush Pet Foot Cup Silicone,All Beauty,37.56,0.07,0,treatment,0,1
O000465,C_7240324,2020-09-12,B08CL46XNM,"Follain Mattifying Moisturizer: Oil Control | Hydrating, Daily Facial Lotion, Oil-Free, Smooth Fine Lines, Supports Anti-Aging, Oil Control, Combination to Oily Skin, Peptide Complex, Cruelty Free, 1.7 fl oz",All Beauty,30.88,0.02,0,control,0,0
O000466,C_7240324,2020-07-14,B07ZS3DKL5,"Higher Education Skincare: Goal Digger - Silky Moisturizing Cucumber Creme; formulated for dry and sensitive skin; cucumber extract; natural extract: melon, kale, cabbage, ginger, turmeric - 1.7 fl oz",All Beauty,19.07,0.16,0,control,0,1
O000467,C_7240324,2020-07-13,B087Z9X39L,"Foot Peel Mask For Cracked Heels, Dead Skin & Calluses - Make Your Feet Baby Soft & Get a Smooth Skin, Removes & Repairs Rough Heels",All Beauty,20.35,0.14,0,control,1,0
O000468,C_7240324,2020-07-13,B089RLLT5C,Purple Hair Mask for Blonde with Keratin & Jojoba Oil - Platinum & Silver Hair - Instantly Eliminate Brassiness & Yellows - Made in USA - Hair Toner - Bleached & Highlighted Hair - Sulfate Free - 8 oz,All Beauty,27.04,0.08,0,treatment,0,0
O000469,C_8958009,2023-01-05,B07TT8JK51,Charlotte Tilbury Hot Lips 2 Viva La Vergara Limited Edition,All Beauty,17.49,0.01,0,control,0,0
O000470,C_8958009,2022-08-23,B09FTLS5G4,"TRE'STIQUE trestique Lip Primer Refill, Sustainable Lip Primer Refill, Clean Beauty Lip Primer Refill For Lipstick, Lip Primer Refill For Makeup Lipstick",All Beauty,13.94,0.07,0,treatment,0,0
O000471,C_8958009,2020-02-08,B0171UQIUW,Akago 28 Hole Makeup Brush Tree Holder Organizer Folding Collapsible Air Drying Tower Brush Dryer,All Beauty,29.66,0.08,0,control,1,1
O000472,C_7224127,2021-11-06,B089LR2Y1S,2pcs Non-slip Elastic Silk Bonnet Sleep Cap for Woman Girl Curly Long Hair,All Beauty,21.85,0.0,0,treatment,1,0
O000473,C_4616486,2022-11-21,B0BL2Q5PYZ,"1PCS Sparkling Crystal Stone Braided Hair Clips, Braided Hair Clips for Women, Rhinestone Hair Clips for Thick Hair, Flower Hair Clip with 3 Small Clips, Hair Barrettes for Women Girls Styling",All Beauty,6.03,0.07,0,treatment,1,1
O000474,C_4616486,2022-07-10,B09NKFQL53,8PC Lazy Bird's Nest Plate Hairpin Velvet Bird Nest Shaped Hair Clips Expandable Ponytail Holder Hair Loops Nest Plate Hairpin Hair Claw Clip barrette,All Beauty,28.49,0.19,0,treatment,0,0
O000475,C_4616486,2021-04-19,B07N53XT2T,Klavuu Nourishing Care Lip Sleeping Pack- Overnight Exfoliating & Nourishing Lip Treatment Balm for Dry Lips - Natural Moisturizing Lip Oil with Vanilla Flavor - Lip Balm to Repair & Protect Lips 0.7oz.,All Beauty,12.16,0.07,0,control,0,1
O000476,C_4616486,2021-03-05,B083BLZJ9M,Avajar Elasticity A-Solution Mask 10 Pack - Hydrating Face Masks for Women and Men| Moisturizing Face Mask | Collagen Face Sheet Masks Set | Korean Face Mask Sheets Pack,All Beauty,22.14,0.06,0,treatment,1,0
O000477,C_4616486,2021-03-05,B08LCYPYYJ,"KYM NOVA Real Scrunchies for Hair, No Damage Hair Ties, Ponytail Holder Scrunchies, Assorted Scrunches Thick Hair Bands Red 5 pack",All Beauty,17.51,0.05,0,treatment,1,0
O000478,C_4616486,2021-02-05,B08M9TJ3NJ,French Girl Hibernation Essentials,All Beauty,23.26,0.08,0,control,1,0
O000479,C_4616486,2021-01-19,B08H2KSHZZ,"CURECODE Neuromide Ampoule (30 ml), Concentrated Formula of Active Ingredients, Microbiome Science for Extremely Sensitive & Dry Skin, Repair and Protect Skin Barrier Function, Brightening and Firming for Mature Skin Types",All Beauty,28.41,0.16,0,treatment,0,1
O000480,C_4616486,2013-07-12,B001ENX2NY,Face Cradle Cover - APPEARUS Massage Fitted Headrest Covers (6 Count/BD1005x6),All Beauty,8.93,0.0,0,control,0,1
O000481,C_8904645,2020-01-28,B081TG4855,"Nicole Miller 10 Pc Lip Gloss Collection, Shimmery Lip Glosses for Women and Girls, Long Lasting Color Lip Gloss Set with Rich Varied Colors (Blue)",All Beauty,7.98,0.06,0,treatment,1,1
O000482,C_7524280,2021-12-12,B07FFBMBP4,DND Daisy Duo Soak Off Gel Top Coat 400 & Soak Off Gel Base Coat 500 (2 Packs),All Beauty,6.33,0.12,0,control,1,0
O000483,C_9894223,2017-05-23,B085BB7B1M,Salux Nylon Japanese Beauty Skin Bath Wash Cloth/towel (3) Blue Yellow and Pink,All Beauty,10.53,0.04,0,control,1,0
O000484,C_9894223,2016-06-15,B00XDB3QTA,Mererke_Pretty Nurtured Argan Oil (1.7oz),All Beauty,12.62,0.11,0,control,0,0
O000485,C_0022486,2022-01-12,B08QV28D81,"Acrylic Nail Kit, Uouteo Electric Nail Drill Kit Portable Nail File Manicure Pedicure Polishing Shape Tools with 6 Nail Drill Bits & Sanding Bands",All Beauty,23.81,0.08,0,control,0,0
O000486,C_6174746,2016-08-09,B001VPEFPY,Pet Silk Top Knot Gel (4 Ounce) - Pet Hair Gel for Taming Frizzy Hair & Controlling Flyaways – Dog Anti-Static Lotion Cream with Floral Fragrance – Eliminates Static Charges,All Beauty,25.46,0.01,0,control,0,0
O000487,C_2115887,2017-09-07,B06XHHGC49,Long Handle Bath Shower Body Brush with Super Soft Mesh Back Scrubber Loofah Sponge Large Head (Blue),All Beauty,17.39,0.08,1,treatment,0,1
O000488,C_2115887,2016-12-16,B008S59834,Bed Head by TIGI 2-pk. Maxxed Out Massive Hold Hair Spray Set,All Beauty,16.14,0.02,0,control,0,0
O000489,C_5912063,2016-04-24,B010L3I6QA,Polytree 4pcs Fashion Vintage Peacock Full Crystal Rhinestones Hairpin Hair Clip,All Beauty,60.99,0.0,0,treatment,0,0
O000490,C_0653863,2014-09-27,B00L5HZCPU,"The Original Ouchless, Snagless InstaLoc Loose Hair Tool for Dreadlock Maintenance by Loccessories",All Beauty,51.56,0.07,0,treatment,0,0
O000491,C_6896352,2020-08-17,B07X5MHRCZ,Patio-Outdoor-Humidity-Free Bubble Glass-Salt and Pepper,All Beauty,46.48,0.04,0,control,1,0
O000492,C_6896352,2020-06-14,B081QTPRMP,Bath & Body Works Black Cherry Merlot Ultra Shea Body Cream 24 hr Moisture 8 oz / 226 g,All Beauty,29.55,0.13,0,control,0,0
O000493,C_3376984,2021-01-15,B0888TZ9W6,"Large Body Wipes for Adults Bathing. Biodegradable with Aloe, Vitamin E and Tea Tree Oil. After Workout Shower Wipes for Men and Women. Backpacking Essentials, 10 Count Bag - Venture Wipes",All Beauty,11.09,0.23,0,treatment,1,1
O000494,C_4975988,2012-11-24,B000GBID0M,Oral-B Vitality Dual Clean Rechargeable Electric Toothbrush (Colors May Vary),All Beauty,34.89,0.1,0,control,1,1
O000495,C_1936410,2021-04-21,B08QMNZ61J,"4 Pieces Large Hair Claw Clips 4.2 Inch Nonslip Large Claw Clip for Women and Girls Thin Hair, Strong Hold for Thick Long Hair (Brown, Yellow, Purple, Rose Red)",All Beauty,53.8,0.08,0,treatment,1,0
O000496,C_4350066,2018-09-12,B00UB7D60I,"Secret Original Shower Fresh Scent Women's Invisible Solid pH Balanced Antiperspirant and Deodorant Twin Pack, 5.2 Ounce",All Beauty,32.54,0.03,0,control,0,1
O000497,C_0763603,2019-04-12,B01LXDUVYL,ECBASKET 500 PCS Long Stiletto False Nails Acrylic Nail Tips 10 Sizes Full Cover Fake Nails For DIY Nail Art (Natural),All Beauty,23.3,0.05,1,control,0,0
O000498,C_5808175,2018-06-25,B01DAFX3V4,Schwarzkopf Osis Refresh Dust Light Control 300ml,All Beauty,74.3,0.0,0,treatment,0,0
O000499,C_4021795,2015-08-09,B000RHMBSU,DELON Intense Moisturizing Tropical Fruit Passion Body Butter 6.9oz/196g,All Beauty,44.04,0.03,0,control,0,1
O000500,C_2338461,2019-04-01,B07BR7FQSW,"Koala Lifestyle Denture Cleaner Brushes with Covers | Cleaning Toothbrush for Dentures, False Teeth, Night Guards for Teeth Grinding, Dental Devices, and Mouth Guards | 3 Pieces, White / Blue",All Beauty,8.01,0.12,0,control,1,0
O000501,C_2488901,2016-10-02,B00KOCJEJC,Fiber With D3 Adult Gummies Assorted Flavors 75 Gummies,All Beauty,28.74,0.15,0,control,0,0
O000502,C_7085206,2017-03-05,B0181LWMZ0,Phoenix Shaving Soap (Clubguy),All Beauty,7.0,0.19,0,treatment,0,0
O000503,C_2009776,2016-05-05,B010HW5HV2,Mokale 6 Pcs Transparent Salon Croc Clips Hair Styling Clips-Sectioning Plastic Alligator Hair Clip DIY Accessories Hairpins-hairgrip for Women and Girls,All Beauty,16.18,0.17,0,control,1,0
O000504,C_4985535,2020-03-14,B07XDTYNMP,"SH30 / 52 Replacement Heads for Philips Norelco Series 1000, 2000, 3000 Shavers and S738 Click and Style, Close Comfortable Shave(3 Packs)",All Beauty,22.1,0.23,0,treatment,1,0
O000505,C_9742288,2022-01-05,B004X8JLN2,"ARRID XX Ultra Clear Anti-Perspirant Deodorant Spray, Ultra Fresh 6 oz (Pack of 11)",All Beauty,63.87,0.14,0,control,1,1
O000506,C_6726205,2019-07-08,B0759NDR71,"16oz Empty Cobalt Blue Glass Spray Bottles w/Labels and Caps- Mist & Stream Sprayer - Boston Round Heavy Duty Bottle - For Essential Oils, Cleaning, Kitchen, Hair, Perfumes (2 Pack)",All Beauty,22.06,0.19,0,treatment,1,1
O000507,C_6726205,2016-06-20,B00LIAZ8OO,Star Wars Rebel Alliance Travel Kit,All Beauty,25.88,0.16,0,control,1,1
O000508,C_7331519,2022-06-12,B094J5PQZP,576 Pieces Coffin False Nails Extra Long Ballerina Nails Long Artificial Nail Tips Ballerina ABS Press on Nails Full Cover Stick on Nails Multi-color Nails for Women Girls (Solid Pattern),All Beauty,11.24,0.01,0,control,1,0
O000509,C_7331519,2018-11-17,B0788GCSVY,Younsolo Brazilian Deep Wave 3 Bundles (14 16 18) Brazilian Virgin Hair Extensions 100% Human Hair 8A Unprocessed Brazilian Virgin Human Hair Weave Natural Color Mixed Length Can Be Dyed and Bleached,All Beauty,83.36,0.0,0,control,1,1
O000510,C_8064897,2015-10-11,B00756SMTS,Relentless Improvement Lubricating Carnosine Drops,All Beauty,17.5,0.1,0,control,1,0
O000511,C_0408267,2022-03-12,B072N95X6P,"Vanilla by Body Fantasies, 3 Pack 8 oz Fragrance Body Spray for Women",All Beauty,23.23,0.14,0,treatment,1,1
O000512,C_6550100,2021-02-22,B07731H8YF,"Cake Beauty The Hair Raiser Mighty Volumizing Powder, 0.60 Ounces",All Beauty,8.69,0.07,0,treatment,1,1
O000513,C_9731672,2021-08-15,B08TTP42Q1,"xinlutong 2 in 1 Waterproof Eyebrow Stamp Powder,Lazy Two-color Eyebrow with Brush,Adjustable Eyebrow Stamp,Make-up Cover Waterproof Hypoallergenic Foundation Natural (2# Brownish+Gray Combination)",All Beauty,15.74,0.19,0,control,0,0
O000514,C_6453924,2021-04-27,B08VMRRCP5,PatiencET Self Cleaning Slicker Brush Dog Brush With Massage Particles For Removes Loose Hair And Tangles Cat Brush For Shedding Long Or Short Hair Pet Brush For Grooming Large Dogs,All Beauty,33.33,0.13,0,control,1,0
O000515,C_3013648,2015-02-01,B00HLJ1DRW,Hanae Mori MAGICAL MOON Eau de Toilette EDT Perfume for Women ~ .04 fl. oz. / 1.2 ml Sample Spray Vial x 2,All Beauty,20.14,0.09,0,control,1,0
O000516,C_4030867,2021-12-09,B07ZHN3QTG,Unwined By HASK Beauty GLOSS BOSS WHITE WINE Shampoo and Conditioner To Smooth And Shine All Hair Types To Protect And Restore Hair Strands And Tame Frizz - White Wine Shampoo + Conditioner,All Beauty,27.03,0.03,0,treatment,1,1
O000517,C_5302721,2021-04-01,B07HDZ6Z6V,"Carede Elastic Sports Yoga Sweat Band Headband,Non Slip Super Soft Stretchy Bandana Headband, Sweat Wicking Head Wrap for Sports Fitness Running Yoga Exercise Tennis,Pack of 6",All Beauty,27.01,0.17,0,control,0,1
O000518,C_4079256,2020-06-07,B0767M54JB,200 PCS small Cotton Hair Ties Rope for Baby Girls Kids No Damage Hairbands Multicolor,All Beauty,22.02,0.2,0,control,1,0
O000519,C_3539852,2020-06-23,B088D2ZCD5,"False Eyelashes with Eyeliner, Lash Glue Liner with Demi Wispy Lashes Pack Magic Eyeliner Pen Self-adhesive -No Glue No Magnet Needed-Strong Hold for Natural False Lashes",All Beauty,94.78,0.12,0,treatment,0,0
O000520,C_0243923,2016-05-06,B00XG58VDY,Clearbridal Fashion Women's Crystal Rhinestone Beads Headband Hair Band,All Beauty,34.73,0.11,0,control,1,0
O000521,C_6290832,2018-09-12,B07CQB9H3D,"Cuticle Trimmer, IVON Professional Stainless Steel Cuticle Nipper Cutter with Non-Slip Handle",All Beauty,29.62,0.07,0,treatment,1,0
O000522,C_1283208,2020-02-28,B00OTJ2W18,"Annie 04620 Premium Deluxe, Sleeping Cap/Silver and Black, X-Large",All Beauty,5.29,0.07,0,treatment,1,0
O000523,C_1283208,2020-02-28,B008C2QYPI,Beauty Town Luxury Wide Band Satin Bonnet Cap (Pink),All Beauty,4.96,0.04,0,treatment,0,1
O000524,C_0371787,2016-03-25,B00ALUWUBQ,"Fat Hair Samy Fat Hair 0 Calories Amplifying Mousse, 7 Ounce",All Beauty,54.29,0.11,0,treatment,1,0
O000525,C_0077406,2021-12-17,B01M1OFZOG,"Bed Head Curve Check Curling Wand for Tousled Waves and Texture, Jumbo Barrel",All Beauty,26.7,0.11,0,treatment,0,0
O000526,C_6876199,2020-03-05,B08393CSHT,"10pack Makeup Sponge - Beauty Foundation Blending Sponge, You Can Use Damp or Dry for a Smooth Finished Look, Multi-colored Makeup Sponges",All Beauty,13.9,0.07,0,control,1,1
O000527,C_5658525,2018-10-18,B000NHZSKC,Tea Tree Lemon Sage Thickening Liter Duo Set,Premium Beauty,93.72,0.03,0,control,1,0
O000528,C_0788672,2021-08-21,B004FK48DG,GVP Extra Volume Sculpting Gel Compare to Extra-Body Sculpting Gel,All Beauty,17.29,0.11,0,control,1,0
O000529,C_0341578,2020-11-15,B07V9QBQTG,"25 Pieces Hair Dye Coloring Kit 3 Sets Hair Dye Color Brush Hair Dye Comb and Mixing Bowl and Ear Cover,Gloves for Hair Tint Dying Coloring Tool",All Beauty,14.2,0.13,0,treatment,1,0
O000530,C_0341578,2020-11-15,B082Z726F2,"Tong Yong 15 Pack Hair Scrunchies Premium Velvet Scrunchy Elastic Hair Bands for Girls, Women Hair Accessories with Gift Bag (15 Colors)",All Beauty,65.67,0.05,0,treatment,0,0
O000531,C_4991375,2015-11-12,B07Y6WBGQQ,Diane Practice Hand,All Beauty,6.52,0.15,0,control,1,0
O000532,C_3158217,2017-11-27,B01MDLG6II,eBoot 20 Pieces Nail Soak off Cap Clip Nail UV Gel Polish Remover Clips with 420 Pack Nail Polish Remover Pads Nail Wipes Cotton Pads,All Beauty,7.61,0.0,0,control,0,1
O000533,C_3895459,2022-06-03,B01M6Y49AD,Milani Make It Last 3-in-1 Setting Spray and Primer- Prime + Correct + Set (2.03 Fl. Oz.) Makeup Finishing Spray and Primer - Long Lasting Makeup Primer and Spray (3 Pack),All Beauty,11.09,0.26,0,control,1,0
O000534,C_3895459,2019-07-27,B07Q69KHDK,2019 Original 4D Brush Eyelash Mascara Special Edition Secret Xpress Control Costmetics Fresh Stock,All Beauty,22.71,0.19,0,control,1,0
O000535,C_3895459,2016-01-06,B013VZRLB6,Contour Kit - Premium Bronzer and Contour Palette for Highlighting and Contouring All Skin Tones,All Beauty,75.58,0.16,1,treatment,0,0
O000536,C_2907499,2015-02-10,B008CPAQUE,COZY FLEECE PONYTAIL HAT,All Beauty,6.21,0.12,1,treatment,1,0
O000537,C_3124142,2020-01-01,B071P6V9JQ,Beard Grooming Kit for Men - Beard Care Gift Sets Best Mustache and Beard Growth Natural Beard Oil Beard Softener Conditioner Balm Butter And Wooden Comb Best Gift Idea for Men Premium Nature,All Beauty,15.2,0.02,0,treatment,0,0
O000538,C_3124142,2018-06-26,B0784SJFC1,"Miracu 2 Pack Hair Drying Towels, Quick Dry Ultra Absorbent Microfiber Hair Towel Turban Wrap Shower Head Towel for Women, Girls and Children",All Beauty,19.67,0.05,0,treatment,1,1
O000539,C_3124142,2018-06-26,B086H4C8QB,Hydrating Therapy Conditioner by Biosilk for Unisex - 12 oz Conditioner - (Pack of 2),All Beauty,22.99,0.15,0,control,0,0
O000540,C_8435913,2021-06-30,B08MRRNL18,"Lenghthening Mascara by Almay,Volume & Lift, Eye Makeup, Hypoallergenic and Fragrance Free, 010 Blackest Black, 0.24 Fl Oz",All Beauty,5.45,0.18,0,treatment,0,0
O000541,C_8435913,2020-09-20,B082DK8F2L,Most Wanted Eyeshadow Palette 110 Partner In Crime,All Beauty,16.86,0.03,0,control,1,0
O000542,C_8435913,2019-04-02,B07JHW6VWB,(Pack 2) Almay Intense i-Color Party Brights - Greens (140) - 0.2 oz,All Beauty,9.22,0.07,0,treatment,1,0
O000543,C_4427652,2021-07-26,B08PD5FNFC,"Disposable Pedicure Scrubber Callus Remover Pumice Stone for Foot Care White Coarse, 40 PCS",All Beauty,49.04,0.12,0,control,1,0
O000544,C_4427652,2020-03-09,B0002SGSNI,China Glaze Strong Adhesion Base Coat .50 oz.,All Beauty,63.63,0.17,0,control,0,0
O000545,C_4427652,2020-03-09,B0BMWQQR9W,"Nail-Aid Ceramide Extreme Thickener - Nail Strengthener - Ridge-Free, Long-Wear Shine Finish - Clear, 0.55 Fluid Ounce",All Beauty,6.17,0.06,0,treatment,1,0
O000546,C_4314047,2020-02-23,B01IMEH6GG,Sally Hansen Miracle Gel Set 6-Piece Random Collection,All Beauty,12.13,0.05,0,treatment,0,1
O000547,C_8327734,2021-12-27,B099FH9Z3D,Felendy Wire Hair Extensions Thick Curly Wavy Invisible Secret Extension Fish Line Clip in Hairpiece Synthetic for Women Bleach Blonde Mix Light Ash Blonde,All Beauty,59.41,0.19,1,treatment,0,1
O000548,C_1164579,2021-08-06,B089LN7X8Y,"Cuticle Trimmer with Cuticle Pusher, Easkep Cuticle Remover Cuticle Nipper Professional Stainless Steel Cuticle Cutter Clipper Durable Pedicure Manicure Tools for Fingernails and Toenails Black",All Beauty,8.72,0.09,0,treatment,1,0
O000549,C_7166659,2017-04-30,B06WVGCK8V,Jafra Long Wear Makeup SPF 20 (Tawny M4) 1oz,All Beauty,24.76,0.07,0,treatment,1,1
O000550,C_4100374,2023-02-12,B09XBSDCXP,"Lume Solid Deodorant Stick - Whole Body Deodorant - Aluminum-Free, Baking Soda-Free, Hypoallergenic, Safe For Sensitive Skin - 2.6 Ounce Solid Stick (Warm Vanilla)",All Beauty,6.7,0.12,0,control,1,0
O000551,C_8111804,2023-02-15,B08RRSPNWV,"BeautyStat Cosmetics Universal Moisture Essence, 100% Pure Squalane, Face Oil, Moisturizer, 30ml, 1oz",All Beauty,33.11,0.0,0,control,0,0
O000552,C_8111804,2022-05-22,B0897SY3H2,"Sea Magik Pink Salt Conditioniser - 2 in 1 Hair Conditioner & Moisturiser with Himalayan Salt, Bladderwrack Seaweed, 10.14 oz",All Beauty,20.31,0.08,0,treatment,0,1
O000553,C_8111804,2022-05-14,B07TJY9TRN,Intraceuticals REJUVENATE EYE MASKS,All Beauty,59.84,0.05,0,treatment,1,0
O000554,C_8111804,2022-03-20,B087BQ7MS8,"Essano Vitamin C Brightening Eye Gel - Energize and Illuminate, 10g",All Beauty,10.03,0.11,0,treatment,0,1
O000555,C_8111804,2022-01-26,B01I2MU2JQ,"Sky Organics Fractionated Coconut Oil for Body & Face, 100% Pure to Condition, Soften & Smooth, 16 fl. Oz",All Beauty,25.23,0.13,0,control,0,0
O000556,C_8111804,2021-10-27,B09GVHT2D3,"Birthday Gift, Yachyee hair removal device",All Beauty,18.32,0.07,0,control,1,1
O000557,C_8111804,2021-06-21,B07K7SS8CC,"Foamie Shampoo Bar Hibiskiss, Shampoo Bar for Damaged Hair, Plastic Free, Cruelty Free, Vegan Shampoo Bar for Men, Women, and Kids",All Beauty,12.46,0.06,0,control,0,1
O000558,C_8111804,2021-02-16,B07ZYBR6YC,BIOSSANCE Marine Algae Eye Cream Mini 0.1oz/3mL,All Beauty,42.92,0.02,0,treatment,0,1
O000559,C_9939236,2021-12-05,B07P83R5GT,"DESIGNLINE Texture Tousle Flexible Finisher - Regis Heat Styling Protectant, Hair Spray that Helps Hold Hair in Place and Create a Full and Tousled Look (2 Pack)",All Beauty,28.15,0.06,0,treatment,1,1
O000560,C_2084628,2017-11-20,B00Z8C3ZNO,6 Pcs: Solid Color Sparkling Cotton Multi-Style Headbands for Women Sports or Fashion,All Beauty,14.38,0.0,0,control,1,0
O000561,C_5967860,2021-10-17,B08NJ5T4VY,"Amareisbe Self Cleaning Slicker Brush, Dog & Cat Brush with Massage Particles, Grooming Shedding Tool for Short and Long Hair - Gently Removes Loose Undercoat, Mats and Tangled Hair",All Beauty,33.83,0.06,0,treatment,1,0
O000562,C_2930797,2019-11-28,B07PFJNVSY,Blulu 4 Pieces Waterproof Shower Cap Bathing Cap Double Layered Shower Hat for Women Favors (Color Set 1),All Beauty,30.05,0.0,0,control,1,0
O000563,C_3141508,2018-07-29,B0BM4GX6TT,"Godefroy Tint Kit for Spot Coloring, Dark Brown",All Beauty,19.84,0.14,0,control,0,0
O000564,C_0122921,2022-06-16,B08P1YLBVH,"7 Pieces Nail Art Tools Set, False Acrylic Nail Cutter Fake Nail Clippers with Pointed Blade U-Shape Trimmer, Cuticle Pusher, Cuticle Remover and Double-Sided Nail Files for Nail Art Manicure",All Beauty,27.61,0.0,0,treatment,0,1
O000565,C_4649248,2018-09-22,B01N5CJPSX,Sol de Janeiro Brazilian Kiss Cupuaçu Lip Butter,Premium Beauty,23.21,0.0,0,control,1,0
O000566,C_2712535,2019-06-12,B077N1W77M,"Hapdoo Minimalist Dainty Hairpin 15pcs Geometric Hair Clip Clamps for Women Girls, Starfish, Circle, Triangle, Moon, Leaf hair barrettes",All Beauty,13.66,0.02,0,control,1,0
O000567,C_9248463,2017-10-27,B00WUD102M,"Perfect Summer UV LED Soak Off Gel Nail Polish 10ml Nail Lacquer, Shiny Snowflake Color #293 Glitter Ruby Red",All Beauty,46.53,0.01,0,treatment,0,0
O000568,C_4090171,2023-01-21,B0BNV4WRF3,luckkimode Human Hair Toppers for Women Real Human Hair 10 Inch 120% Density Swiss Base Clip In Hair Pieces Straight Hairpiece for Women with Thinning Hair（25g Honey Blonde and Blonde Mix #P27/613）,All Beauty,25.79,0.13,0,control,0,1
O000569,C_1097276,2019-04-17,B07CPM2897,e.l.f. Makeup Assorted 10 Piece Lot Choose Your SKIN TONE Mixed ELF Cosmetics Kit with No Duplicates (Fair/Light),All Beauty,27.08,0.05,0,treatment,1,0
O000570,C_5222698,2020-02-14,B01MSMPDNH,co2crea Hard Travel Case for Philips Norelco Men Shaver Razor 3100 4100 2300 3500 2500,All Beauty,19.36,0.0,0,control,0,0
O000571,C_1740814,2022-10-19,B075KTSQYS,"NutriBiotic – Body & Foot Powder, Citrus Mint Scent From Essential Oils, 4 Oz | with Grapefruit Seed Extract | Vegan & Non-GMO | Talc, Paraben & Gluten Free | Gentle & Absorbent",All Beauty,7.97,0.11,0,treatment,0,0
O000572,C_1740814,2019-09-26,B017FYTGHQ,"Eslite Waterproof Double Layers Shower Caps for Women,Pack of 4 (Dark Blue)",All Beauty,4.91,0.01,0,treatment,0,0
O000573,C_7128764,2020-07-30,B0149YNDP6,Hibiclens Antiseptic & Antimicrobial Skin Cleanser 32 Fl Oz (Pack of 2),All Beauty,20.61,0.22,0,control,1,0
O000574,C_6250949,2022-06-30,B09FK486YF,80W Pink Nail Dust Collector for Acrylic Nails Vcedas Nail Art Salon Suction Dust Collector Machine Vacuum Cleaner for Nail Salon Use,All Beauty,13.92,0.07,0,control,1,0
O000575,C_4224017,2006-04-29,B000067E30,"Crest Whitestrips Dental Whitening System, 56 Strips",All Beauty,13.88,0.02,0,treatment,1,0
O000576,C_4086070,2013-02-02,B005FLNLM8,"Origins High Potency Night-A-Mins Mineral-Enriched Moisture Cream 1.7oz, 50ml by Origins",All Beauty,11.93,0.09,0,control,1,0
O000577,C_6475188,2018-06-05,B09W66MSPX,Mehron Makeup Skin Prep Pro Mattifying Skin Toner | Long Lasting Pre-Makeup Skin Primer 4 fl oz (120 ml),All Beauty,14.14,0.1,0,treatment,1,1
O000578,C_6475188,2018-01-12,B01H66JESE,"Tattify Bindi Tribal Colorful Temporary Face Rocks - Metal - Other Styles Available, Fashionable Temporary Rhinestone Gem Face Jewel Stickers - Long Lasting and Waterproof",All Beauty,19.33,0.0,0,control,0,0
O000579,C_9029354,2017-10-31,B0168LM53E,"Belle Azul +Lashes Growth Serum - Longer, Thicker, Fuller Lashes & Enhanced Brows with CASTOR OIL - Conditioning Hair Growth Treatment. 0.24 fl.oz.",All Beauty,23.38,0.07,0,treatment,1,0
O000580,C_7760848,2017-07-28,B00U21XOPK,"Women's Mens Letter""G"" Blue Stainless Steel Huggie Hoop Piercing Earrings",All Beauty,25.48,0.03,0,treatment,1,0
O000581,C_8607636,2016-07-18,B01GU38PAC,Verb Sea Spray Essentials kit,All Beauty,38.94,0.09,0,treatment,1,0
O000582,C_5704070,2018-02-02,B01JOKTHE6,"Nakeup Face 8 Days Tattoo EyeBrow No.01 Light Brown, Long Lasting, Nutrition Care",All Beauty,43.54,0.03,0,control,1,0
O000583,C_0555838,2015-12-23,B01495J3MM,Professional Makeup Brush Set - Premium Quality - 12 Vegan Synthetic Brushes with Wooden Handle - Best Kabuki Cosmetic Kit in Organizer Holder Case,All Beauty,45.82,0.05,0,control,1,1
O000584,C_3880900,2019-09-08,B07G5P1W9K,Hair RePear Wide Tooth Detangling Comb - Made in USA (Pink),All Beauty,20.53,0.14,0,control,1,0
O000585,C_6164941,2022-04-23,B083TRYQFY,"Waterproof Eyebrow Gel, 24Hours Long Lasting Brow Color Gel Mascara for Eyebrow Makeup, Sweat Resistant Transfer Proof Fills and Thickens Brows Gels, Black/Brown Color",All Beauty,13.19,0.03,0,control,0,1
O000586,C_6164941,2022-02-20,B00H78IR6W,"Betty Dain Lustre Shampoo Cape, Waterproof, Stain Resistant Vinyl, Touch-and-close Fastener, Soft Nylon Neckband, Safe For All Salon Processes, 36 inches wide x 54 inches long, Black",All Beauty,5.49,0.06,0,treatment,0,1
O000587,C_0523222,2020-06-22,B00E2S00ME,Josie Maran Argan Creamy Concealer Crayon (Fair 1),All Beauty,35.5,0.01,0,control,1,0
O000588,C_7669949,2021-03-06,B01LW6VB7M,"Mia Wraplet, Wired Faux Leather Ponytail Wrap, Braid Decoration, Hair Accessory, Black, for Women, Girls, Fashion, Biker Chicks 1pc",All Beauty,9.48,0.22,0,treatment,0,0
O000589,C_3393713,2020-02-15,B076BTRBTN,"Bella Beauty, 1-Inch Curling Iron Set, Ceramic-Coated Barrel, Includes Heat Resistant Glove, Hair Styling Tool, Easy to Use, Women’s Personal Groomer",All Beauty,18.4,0.18,0,control,0,0
O000590,C_4877028,2019-10-22,B07VWYNBHJ,"China Glaze Nail Polish, Cowboy, Bye 1682",All Beauty,30.25,0.01,0,control,1,1
O000591,C_4877028,2019-04-21,B073TBC4TS,INM Northern Lights Hologram Silver Top Coat 2x,All Beauty,12.3,0.07,0,control,1,0
O000592,C_0650259,2018-10-10,B07CSL21J8,"Lash Growth Serum - Best Eyelash Growth Serum For Fuller & Thicker Lashes & Brows - Supports Eyelash Growth, Eyebrow Growth, Thinning Lashes, Supports Lash Boost - Perfectly Formulated For Results",All Beauty,36.78,0.26,0,treatment,1,1
O000593,C_0650259,2018-03-11,B0758X2CLZ,Top Blade Men’s Bulk Disposable Razors – Two Blades With Soothing Aloe Strip – 30 Razor Pack,All Beauty,24.43,0.09,0,treatment,0,1
O000594,C_4492852,2017-06-15,B01N2VTZCC,Vovotrade,All Beauty,26.26,0.06,0,treatment,0,0
O000595,C_4451468,2017-02-19,B008TGSAFE,Professional Barber/Salon Razor Edge Hair Cutting Scissors / Shears (6.5-Inch) - Ice Tempered Stainless Steel Reinforced with Chromium To Resist Tarnish - By Utopia Care,All Beauty,55.29,0.01,0,treatment,1,0
O000596,C_7856291,2017-05-13,B01GS7QKQQ,"Argan Oil Shampoo and Conditioner Set - Sulfate Free All Natural Hair Repair Treatment, Clarifying Volumizing & Moisturizing, Color Safe, Gentle for Curly & Color Treated Hair Gift Set (2x 8oz)",All Beauty,42.41,0.07,0,control,0,0
O000597,C_5588794,2022-10-29,B07TK15BQQ,"R-NEU 200 Cotton Rounds, 100% Natural Turkish Cotton Makeup Remover and Facial Cleansing Cotton Round Pads, Waffle Textured Hypoallergenic Cotton Wipes, 2.25 Inch Diameter (200 Pack)",All Beauty,7.23,0.04,0,control,1,0
O000598,C_5588794,2015-08-09,B002HEUODA,"Clinique SuperPowder Double Face Makeup Powder Compact .35 oz, Matte Bisque 05",All Beauty,21.0,0.01,0,treatment,0,0
O000599,C_5006096,2018-06-15,B086H4C8QB,Hydrating Therapy Conditioner by Biosilk for Unisex - 12 oz Conditioner - (Pack of 2),All Beauty,23.89,0.14,0,control,0,0
O000600,C_0498230,2020-09-20,B0885Y3DNQ,6 Pcs Button Headbands For Women Men Holder Head Band in 6 Colors Hair Accessories for Everyone Wearing a Mask - Protect Your Ears for Moisture Wicking Sweatband Yoga Sports and Outdoor Activities,All Beauty,17.63,0.05,0,control,0,1
O000601,C_9658123,2018-03-14,B06VWPZN56,"DMSO Cream With Aloe Vera - Lavender Scented, Made With 99.9% Pure Pharmaceutical grade DMSO - 70% DMSO/30% Aloe Vera, Made in USA for Live Better Naturals 4 oz",All Beauty,26.82,0.02,0,control,1,0
O000602,C_9437339,2019-11-14,B075WF94X4,"Heladerm Arnica Oil Bruise Cream Extra Strength (Fast Healing) - Targeted Care to Help Restore Skin’s Vitality, Arnica Cream for Bruising and Swelling - More Nourishing Formula than Arnica Gel, 50mL",All Beauty,25.17,0.06,0,control,0,0
O000603,C_7627889,2017-01-13,B01BX7BY76,"Pack of 2100 Colorful Dog Paw Print Stickers, 3/4 inch, 8 Bright Neon Colors, Great for Teachers, Classrooms & Veterinarians!",All Beauty,49.41,0.15,0,treatment,0,0
O000604,C_7627889,2016-06-21,B0107QYW14,Harlorki Women's Bohemian Jewelry Statement Necklaces Women Rhinestone Gem Pendant Collar,All Beauty,25.11,0.08,0,control,1,0
O000605,C_1419169,2022-01-05,B001V9V71U,MURO 128 5 Percent SOLUTION 15MED L,All Beauty,14.83,0.1,0,control,1,1
O000606,C_9336952,2021-08-03,B0BDHS9H7J,"The Mane Choice Heavenly Halo Herbal Hair Tonic & Soy Milk Deep Hydration Softening Milk, 8 Ounce",All Beauty,14.73,0.16,0,control,1,0
O000607,C_8960141,2018-01-11,B0881Y9BLS,byAlegory Acrylic Medium Eyeshadow Palette Makeup Organizer W/ Removable Dividers Designed To Stand & Lay Flat | 8 Space Organization Container Storage - Fits Standard Size Palettes - Clear,All Beauty,22.2,0.09,0,control,0,0
O000608,C_6385398,2016-04-04,B014JOL9MA,Sally Hansen MIRACLE GEL Polish 220 Teal Twin & Gel Top Coat,All Beauty,17.76,0.06,0,control,1,0
O000609,C_6699105,2016-08-01,B008TGMJQA,"Beard Straightener Brush For Men,BEENLE Electric Heat Beard Straightener and Hair Straightener, Multifunctional Beard and Hair Straightening Brush Comb (beard straightener)",All Beauty,12.89,0.14,0,control,0,1
O000610,C_0000330,2016-11-19,B00XQOR3JS,"Dalin 4 Sheets Temporary Tattoos, Skull, Bull",All Beauty,17.67,0.22,0,control,1,0
O000611,C_6687115,2015-02-22,B00G9XOZRG,"Pantene Pro-V Heat Shield 2in1 Shampoo + Conditioner, 21.1 Fl Oz, 21.100-Fluid Ounce",All Beauty,12.71,0.12,0,treatment,1,1
O000612,C_7907086,2015-11-28,B017XD9GP6,"Vitamin C Serum For Face, Topical Facial Serum With Hyaluronic Acid, Vitamin E, Best Organic Anti Aging Anti Wrinkle Moisturizer Serum For Face, Neck Decollete, 1 fl oz",All Beauty,25.76,0.11,0,treatment,0,0
O000613,C_4328434,2016-11-26,B01DUYNJL4,Listerine Pump for 1.5 or 1 Liter Bottles (1 Pump),All Beauty,5.95,0.16,1,control,0,0
O000614,C_3552114,2017-01-23,B004FJZEVM,"Beyond The Zone Frozen Stiff Ultimate Hold Hair Spray, 10oz",All Beauty,18.39,0.13,0,treatment,1,1
O000615,C_2584831,2017-01-27,B01C714B5E,4 New Kleancolor METALLICS Nail Polish Lacquer Full Sz 15ml,All Beauty,8.62,0.07,0,treatment,0,0
O000616,C_2584831,2016-08-21,B00XP86KXU,Color Shooting Star Effect Glitter Nail Polish Lacquer,All Beauty,36.87,0.07,0,control,1,0
O000617,C_9719844,2019-11-30,B01DUC1PW6,20 Sets Mini Micro Jst 2.0 Ph 3 Pin Connector Plug Male With 150mm Cable & Female by daier,All Beauty,6.9,0.14,0,treatment,0,0
O000618,C_4169169,2016-10-25,B00YVCWUCE,Crave Naturals Glide Thru Detangling Brush for Adults and Kids - use as comb or hair brush - (GREEN),All Beauty,19.05,0.1,0,control,0,0
O000619,C_9050681,2019-11-17,B07RVN4X51,"Ferbon Electric Beard/Hair Straightener Brush Comb, Hot Tools Hair Flat Curling Iron, Fast Shaping for Beard Grooming And Hair Styling for Men, White",All Beauty,34.47,0.05,0,treatment,1,1
O000620,C_7306796,2021-03-14,B018681Q64,LED & UV Intense Seal Top Coat,All Beauty,8.84,0.06,0,treatment,1,1
O000621,C_2296916,2017-07-14,B013TOAY5O,The Caribbean Breeze Mullet Headband,All Beauty,34.93,0.01,0,treatment,0,1
O000622,C_7939576,2018-01-26,B09FFQT1KK,Sun Labs Self Tanning Mitt Applicator - 1 Sunless Tanning Mitt for Sun Tanning Lotion,All Beauty,6.04,0.04,0,control,1,0
O000623,C_7939576,2018-01-03,B06XHXGSKX,100% Handmade 3D Mink False Eyelashes Natural Long Siberian Mink Fur Fake Eyelashes,All Beauty,21.96,0.21,0,treatment,0,1
O000624,C_6733351,2020-10-27,B082Q58ZTV,Spa Life Snow Globe Holiday Facial Masks 10 pack,All Beauty,15.98,0.08,0,treatment,0,0
O000625,C_6390962,2018-08-15,B01N1WM96U,QTICA QTICA 1/2 time Polish Drying Accelerator -1 oz,All Beauty,34.98,0.0,0,control,0,0
O000626,C_2077827,2015-09-22,B00EWUFETQ,"2pairs Gel Bunion Big Toe Separator Spreader Eases Foot Pain Foot Hallux Valgus Guard Cushion,big toe spreader",All Beauty,10.39,0.15,0,control,0,0
O000627,C_8553366,2022-04-06,B09NFQ69KT,"ZUK Black Matte Lipstick 2Pcs Suede Cream Liquid Lipstick Set for Women, Vegan and Cruelty Free, 0.34 Fl Oz",All Beauty,19.37,0.07,0,treatment,1,1
O000628,C_8553366,2020-08-03,B07KG1TWP5,"Organic Bamboo Cotton Ear Swabs by Bali Boo - 200 - Natural Wooden Qtips Cotton Swabs for Cleaning Ears, Baby or Makeup and Nails - Sustainable & Vegan Buds Sticks - Eco Friendly & Biodegradable",All Beauty,46.96,0.02,0,control,0,0
O000629,C_8553366,2019-03-23,B07GDQPG12,Spa Grade Jade Roller for Face with Gua Sha | Jade Face Roller Massager | Jade Facial Roller | Face Roller Massager | Jade Rollers | Wrinkle Roller,All Beauty,37.24,0.12,0,control,0,0
O000630,C_8553366,2018-11-09,B08FYBSFPR,"Beurer Luxury Pedicure Foot Spa | Foot Bath Spa with Heat and Massage | Variable Water Temperature | Portable Foot Soaking Tub for Relaxing Foot Reflex Zone Massage, FB13, White",All Beauty,10.81,0.15,0,control,1,0
O000631,C_5631939,2022-04-24,B09W66MSPX,Mehron Makeup Skin Prep Pro Mattifying Skin Toner | Long Lasting Pre-Makeup Skin Primer 4 fl oz (120 ml),All Beauty,13.33,0.13,0,control,1,0
O000632,C_2555601,2023-02-13,B07FKVTYJX,"Remington Virtually Indestructible All-in-One Grooming Kit, Yellow, PG6855",All Beauty,6.43,0.12,0,treatment,1,1
O000633,C_7698388,2017-07-29,B01MTQ5C17,Honest For Men Black Forest Beard Wash - 100% All Natural Ingredients - Best Beard Shampoo and Conditioner for a Healthy Beard - Hand Crafted in U.S.A.,All Beauty,11.79,0.07,0,control,1,0
O000634,C_7698388,2017-07-29,B01MYPDMEU,Honest For Men Mint Tea Tree Oil Beard Wash - 100% All Natural Ingredients - Best Beard Shampoo and Conditioner for a Healthy Beard - Hand Crafted in U.S.A.,All Beauty,10.48,0.19,0,control,0,0
O000635,C_7698388,2017-01-04,B01CVQALFE,Beard Oil - Tea Tree Scent - Huge Man-Sized 4 oz Bottle - 100% Natural - Softens Your Beard and Stops Itching - Scent Women Love - Best Beard Oil And Conditioner For Men,All Beauty,56.33,0.13,0,treatment,0,1
O000636,C_7698388,2017-01-04,B01CDEJ1H8,"Beard Shampoo & Beard Wash - Man-Sized 8.45 OZ Bottle - Nourishing All Natural Oils - Cleans, Softens & Conditions - Premium Beard Soap",All Beauty,7.0,0.06,0,control,0,1
O000637,C_9309042,2018-10-14,B00J7QCNDU,"DMSO Cream with Aloe Vera, 4 oz - Rose Scented Skin Moisturizer for Adults, Whole Body Pain Relief",All Beauty,18.28,0.23,0,control,0,0
O000638,C_0416593,2021-07-29,B08R5L76V2,"Semi-permanent Eyebrow Gel for Waterproof, Long Lasting, Smudge-Proof, Sweat Resistant, Full Natural, Brow Pen Tinted Makeup (BLACKBROWN- 2 pcs)",All Beauty,21.22,0.12,0,treatment,0,0
O000639,C_5790233,2020-01-09,B0721R3XCQ,"BFWood Beard Brush - Ergonomic Design with Unique Taper Bristle and Large Handle, for All Beards",All Beauty,64.89,0.04,0,treatment,0,0
O000640,C_3323269,2022-02-04,B01AONIWZM,"Drake's Devil Dogs, 95.41 oz, 7 Boxes",All Beauty,34.28,0.03,0,treatment,1,0
O000641,C_7076793,2021-02-24,B0865H5R1X,UV Room Temperature Sterilizer.The Room Temperature Sterilization Cabinet Will not Damage the Product and is Suitable for Sterilization and Disinfection of Various Items.,All Beauty,105.36,0.04,0,treatment,1,1
O000642,C_5462348,2022-03-22,B071XX8T2N,BFWood,All Beauty,14.91,0.03,0,treatment,0,0
O000643,C_8787430,2022-04-02,B097BN5VXR,"Electric Razor for Women, 2 in 1 Electric Shaver Bikini Trimmer for Women, Portable Waterproof Electric Hair Remover with Changeable Trimmer Heads for Women Legs, Underarms, Armpit, Arms(Rose Gold)",All Beauty,21.99,0.0,0,treatment,0,0
O000644,C_8787430,2022-01-22,B08SYGY69L,The Mailroom Barber Co - Tea Tree Shampoo - All Natural Tea Tree Shampoo for Balancing Scalp Oil Production and Hydrating Hair Follicles (2 oz.),All Beauty,22.99,0.0,0,control,0,1
O000645,C_5636547,2016-10-22,B00XZ96RNC,Anne Taintor Pill Box Compact - You Say Crazy Cat Lady Like ItÕS A Bad Thing,All Beauty,13.23,0.1,0,treatment,1,1
O000646,C_7759427,2019-11-03,B07XRGFNPV,"8 butterfly locs 12 inch (Tgreen, 12 Inch (Pack of 8))",All Beauty,5.91,0.09,0,treatment,1,1
O000647,C_7759427,2019-02-21,B077ZL11DJ,Brazilian Kinky Straight Human Hair 3 Bundles 10 12 14 Inch Yaki Straight Human Hair Weft Unprocessed 8A Brazilian Virgin Human Hair Kinkys Straight Weave Bundles Natural Color,All Beauty,29.84,0.09,0,treatment,0,0
O000648,C_1037916,2019-02-04,B01DUYNJL4,Listerine Pump for 1.5 or 1 Liter Bottles (1 Pump),All Beauty,6.19,0.06,0,treatment,0,0
O000649,C_0383048,2020-11-25,B07Y6WBGQQ,Diane Practice Hand,All Beauty,7.06,0.16,0,treatment,0,0
O000650,C_6938192,2022-07-18,B092L7Z4GS,"QMSILR 16PCS Eyeshadow Applicators Disposable Eyeshadow Brushes Small Eye Shadow Sponge Applicator Set Tipped Eye Makeup Tool (Pink, Green)",All Beauty,67.28,0.08,1,treatment,0,1
O000651,C_6938192,2021-09-18,B00SGCP90A,"John Frieda Brilliant Brunette Multi-Tone Revealing Color Protecting Duo Set Shampoo and Conditioner, 8.45 Ounce, 1 Each",All Beauty,14.94,0.0,0,control,1,1
O000652,C_6938192,2020-06-15,B07Y1V8PDL,"Magical Hair Treatment Mask,5 Seconds to Restore Soft Hair, Advanced Molecular Hair Roots Treatment Professtional Hair Conditioner, Deep Conditioner Suitable for Dry & Damaged Hair (1 PACK)",All Beauty,7.35,0.1,0,control,1,0
O000653,C_6938192,2020-05-27,B009YHP3TS,Radiance DNA Intensive Cream,All Beauty,51.26,0.0,0,treatment,1,1
O000654,C_7807179,2021-06-09,B08D9HLNB4,"6 Pieces Makeup Brush Cleaner Pad Silicone Makeup Brush Cleaning Mat Portable Washing Tool Cosmetic Brush Cleaner Scrubber, 6 Colors",All Beauty,16.19,0.09,0,control,0,0
O000655,C_6603500,2021-11-26,B01DD1NOZU,"Carol’s Daughter Almond Milk Leave In Conditioner with Almond Milk, Aloe Butter and Shea Oil for Extremely Damaged Hair, 8 fl oz",All Beauty,35.38,0.06,0,treatment,0,1
O000656,C_6603500,2021-11-26,B01DD1NOZU,"Carol’s Daughter Almond Milk Leave In Conditioner with Almond Milk, Aloe Butter and Shea Oil for Extremely Damaged Hair, 8 fl oz",All Beauty,5.25,0.03,0,treatment,0,0
O000657,C_9720398,2020-07-26,B08C2P34JC,"zelaxy Mask Strap Extenders, Soft Silicone Mask Holders for Relieve Ear Pain Caused by Mask (Eagle)",All Beauty,10.92,0.07,0,treatment,0,0
O000658,C_9720398,2020-06-30,B087BC7GPT,"Sunsonic Electric Razor, Rechargeable Electric Shaver with Pop Up Beard Trimmer, Type-C USB Mens Electric Razor.",All Beauty,18.79,0.03,0,treatment,0,0
O000659,C_8729104,2016-09-22,B00GX1RFEY,"CleanSmart Skin & Hand Cleanser, 2 Ounce Spray Bottle (Pack of 3) Alcohol-Free Safe Cleanser",All Beauty,9.98,0.11,0,control,1,1
O000660,C_3015153,2017-08-12,B01KIMMY6C,"Blackhead Remover Peel Off Mask - Black Charcoal Face Mask Deep Detox Cleanser for Blackheads Pore Minimizer Facial Black Head Masks, Reduce Pores Pimple & Acne Absorbs Dirt & Oil Brighten & Purify",All Beauty,51.71,0.07,1,control,1,0
O000661,C_9010021,2021-07-20,B095C6XKKH,7 Pieces Lace Headbands for Women Girls Elastic Headband Non Slip Hair Bands,All Beauty,6.88,0.13,0,control,0,0
O000662,C_2431239,2021-02-28,B0769ZGPPN,Prospectors Pomade Coal Mine Pomade For Men - 4 ounce,All Beauty,15.56,0.15,0,control,0,1
O000663,C_8131196,2021-03-18,B08P4KS91J,"Hair Removal Cream and Inhibitor, Depilatory Cream Hair Inhibiting, Skin Friendly Painless Flawless Hair Remover Cream For Women and Men, Airassi",All Beauty,12.36,0.11,0,treatment,1,1
O000664,C_3785214,2017-07-20,B01MZWUYIE,"OLAXER 8 Bath Bombs Gift Set, Fruit Scent Bath Bombs Kit Natural Ingredients Bubble Bath, Great Gift for Men and Women",All Beauty,21.64,0.08,0,treatment,0,0
O000665,C_7810343,2021-03-15,B072PY19RB,"Suave Deodorant Invisible Solid, Coconut Kiss 2.6 oz (7 Pack)",All Beauty,19.75,0.0,0,control,0,0
O000666,C_3672974,2017-12-05,B073QSZ7L8,Callus Shaver Callus Remover Safety Slide Colored Wood Handle with 10 Blades,All Beauty,20.13,0.09,0,control,0,0
O000667,C_5191471,2021-03-20,B08NPTV1DR,Pinhoollgo 12 Pieces Banana Hair Clips Plastic Flexible Interlocking Banana Clip Fishtail Ponytail Holder Comb Clincher Comb Clip Vintage Banana Clip Fish Clips Hair Accessories for Girls Women,All Beauty,52.41,0.02,0,control,1,1
O000668,C_0584918,2016-08-26,B001V9V71U,MURO 128 5 Percent SOLUTION 15MED L,All Beauty,15.17,0.11,0,control,0,0
O000669,C_4482222,2019-06-09,B07PDL9GRS,100% Real Human Hair Silk Base Top Hairpiece Clip in Hair Topper for Women Crown in Hand-made Toppee Middle Part with Thinning Hair Loss Hair #4 Medium Brown 12''20g,All Beauty,74.26,0.0,1,control,1,0
O000670,C_7109642,2019-03-09,B01KDPA96G,"No Static Detangling Wooden Comb - Handmade Fine Tooth Hair Comb - Purpleheart Wood & Buffalo Horn Combs for Women , Men and Girls",All Beauty,44.71,0.03,0,control,0,0
O000671,C_5440150,2020-05-09,B07Y7X956K,BC Hyaluronic Acid Serum Full Face Mask Highest Quality Anti-Aging Super Hydration Skin-Care Silk Facial Mask 5 Pack,All Beauty,17.25,0.1,1,control,1,1
O000672,C_2136781,2021-09-13,B07YWRRGSD,Effie Lancelot Waterproof Liquid Eyebrow Gels-24Hours Long Lasting Smudge-Proof Tinted Makeup Color Brow Gel-Brown,All Beauty,18.33,0.14,0,control,1,0
O000673,C_2136781,2021-07-10,B088NCT267,"96 Pieces French False Nails and Toe Nails Kit Artificial Acrylic Full Cover French Nails Tips Pink White Fake Fingernails, Includes 4 Sheets Nail Adhesive Tabs",All Beauty,5.32,0.17,0,treatment,0,0
O000674,C_2136781,2019-11-27,B07T3ZQK9W,"Eyebrow Pencil 2 Packs, NiceFace Waterproof Smudge-proof Automatic Eye Brow Makeup Kit with Eyebrow Brush, Dark Brown & Coffee(set#1)",All Beauty,34.09,0.16,0,treatment,1,0
O000675,C_2914165,2020-05-07,B082D9TR1D,4 Pieces Folding Hair Brushes Travel Hair Brushes Portable Hair Comb Compact Pocket Hair Comb with Mirror for Women Girls Travel Daily Use,All Beauty,16.78,0.0,0,treatment,0,1
O000676,C_3166424,2020-07-30,B08B7QTGQH,"100 Pcs Prep Pads, Individually Wrapped (Easy to Carry）for Glasses,Beauty Tools, Kitchens, Bathrooms, Computers, Cell Phones",All Beauty,17.05,0.13,0,control,1,1
O000677,C_2523315,2021-07-19,B08P5HLJ2Z,"Hair Towel Wrap Super Absorbent Microfiber Coral Velvet Hair Drying Towel Quick Dry Hair Turban for Women Curly Thick Long Hair, 4 Pack, Blue",All Beauty,52.13,0.04,0,treatment,1,0
O000678,C_1137440,2014-01-17,B00FEHM8HM,Hair Repair Serum - Simpleme Hair Repair Treatment Oil -Designed To Deeply Condition and Revitalise Any Hair,All Beauty,7.7,0.02,0,treatment,1,1
O000679,C_8972341,2007-12-17,B000PKKAGO,Philips Norelco arcitec 1090 Men's Shaving System,All Beauty,61.18,0.0,0,treatment,0,1
O000680,C_8002440,2022-03-17,B00JFD29RA,PRIMO BODY SPRAY- PACK OF 2,All Beauty,16.82,0.08,0,control,1,0
O000681,C_7442614,2020-09-22,B01MXLP1T1,"Natural Makeup Remover Facial Cleansing Wipes from 1790 Are the Best Gentle Towelettes For Your Face - Remove Eye Makeup - Kind to Your Skin - Blemish Free Finish (25 Count, Pack of 6)",All Beauty,11.34,0.11,0,treatment,0,1
O000682,C_7442614,2020-08-10,B0B96MFXSJ,"PURE ORIGINAL INGREDIENTS Vegetable Glycerin (16 fl oz) Food Grade, Vegan, Hypoallergenic, Odorless, Colorless",All Beauty,16.14,0.08,0,treatment,0,1
O000683,C_7873798,2017-09-30,B005XSZS92,"Dermasilk Anti Aging Skin Care Cream, Flawless optically ERASE The Appearance Of Wrinkles In Seconds, **IMMEDIATE Airbrushed Look** instantly erases The appearance of FINE LINES, UNEVEN SKIN TONE",All Beauty,21.04,0.05,0,treatment,0,0
O000684,C_8216960,2016-09-21,B00TP82YPM,Avon Superextend Winged Out Mascara (Brown/Black),All Beauty,19.6,0.05,0,control,0,0
O000685,C_5639290,2019-12-18,B07VVBDDLH,"Hair Chalk,Hair Chalk Pens,Temporary Hair Chalk Set, Halloween Christmas party, Temporary Color. Gifts For Girls,12 Bright Colors",All Beauty,54.24,0.12,0,control,0,0
O000686,C_8704098,2010-08-16,B003DLQNI6,Papier Poudre Oil Blotting Papers - Rachel 1 Booklet (65 Sheets),All Beauty,35.14,0.06,0,control,0,0
O000687,C_0905830,2018-04-15,B07FMH13N6,Physician Supplies Labeled Liquid Push Down Alcohol Dispenser,All Beauty,10.34,0.11,0,treatment,1,0
O000688,C_9503125,2019-05-18,B07CNL2KQP,"Bamboo Toothbrush Biodegradable Natural Bamboo Handle with BPA Free Bristles, Pack of 10",All Beauty,27.69,0.0,0,treatment,1,1
O000689,C_9503125,2019-04-30,B076VQL2Y9,Biodegradable Eco-Friendly Bamboo Toothbrush/Bamboo Charcoal Toothbrush - Pack Of 4,All Beauty,10.27,0.09,0,control,0,1
O000690,C_9827133,2021-08-10,B07KQ32Z8C,"APIVITA Queen Bee Holistic Age Defense Night Cream 1.69 fl.oz. |Intensive Night Treatment That Speeds Skin Regeneration, Smooths Wrinkle & Increases Skin Elasticity with Royal Jelly & Hyaluronic Acid",Premium Beauty,85.81,0.12,0,treatment,0,1
O000691,C_9827133,2021-07-30,B0929B8N9L,"LCPCX Horse grooming kit, horse brush kit with 2 pet gloves, suitable for horses, dogs, cattle, cats, bears and other hairy pet care tools",All Beauty,6.29,0.04,0,control,1,0
O000692,C_9827133,2020-10-04,B08GMC5ZRY,"Black Wolf - Men’s Ultra Hydrating Moisturizer - 1.7 Fl Oz – Soothe Dry, Patchy & Flaky Areas on your Skin - Fast Absorbing Formula Won't Feel Heavy or Greasy - Sulfate Free for Dry Skin",All Beauty,13.4,0.07,0,control,1,0
O000693,C_9827133,2020-08-10,B081D2R47W,"Qiray Hair Ties For Women Coil Hair Ties,Large Lace Phnom Penh,5 Colors 10 Pieces.",All Beauty,4.99,0.13,0,treatment,0,1
O000694,C_9827133,2020-06-16,B087D7MVHB,"2-Pack Puretize 16.9 Oz Hand Sanitizing Gel w/Pump Tops - Extra Strength 70% Ethyl Alcohol - Moisturizing Formula with Aloe Vera, Vitamin E & Botanical Extracts - Quick Drying Formula",All Beauty,18.86,0.23,0,control,0,0
O000695,C_9827133,2020-04-07,B0914JBBTV,"Bioré J-Beauty Makeup Removing Moisturizing Cleansing Jelly, Top Japanese Makeup Remover, Gentle Skin Cleanser, Mild Floral Fragrance, Non-Greasy, 7.8 Ounce",All Beauty,11.74,0.0,0,treatment,0,0
O000696,C_9827133,2019-11-19,B07YDLYYP3,"LilySilk Large Silk Scrunchies for Womens Girls Kids, Green, Pure 100 Real Natural Raw Mulberry Raw Silk, 6A Grade, Beautiful for Hair, Soft, Tie Scrunchies Silk Big Giant",All Beauty,32.81,0.22,0,treatment,1,0
O000697,C_9827133,2018-10-03,B07H8Y5QT2,"Facial Hair Remover for Women, ZACCER Painless Hair Removal Waterproof Shaver Razor with LED Light for Peach Fuzz Fine Hair Chin Cheek Upper Lip",All Beauty,28.94,0.05,0,treatment,1,0
O000698,C_9827133,2015-11-28,B00LHZC4GA,"eb5 Collagen Boosting Serum, 1 fl.oz.",All Beauty,125.71,0.0,0,treatment,0,1
O000699,C_9827133,2015-06-12,B00J4YYA86,"TRESemme Climate Control Shampoo, 32 Oz",All Beauty,25.42,0.16,0,control,1,1
O000700,C_7849468,2015-09-29,B00RES5TPW,It Original Freeze Hairspray 10oz Aerosol (3 Pack),All Beauty,26.18,0.05,0,control,1,0
O000701,C_2016708,2021-07-26,B001ECZJYU,Century Systems Seven (7) Wonders Miracle Oil 8 fl oz.,All Beauty,15.28,0.12,0,control,1,0
O000702,C_0751413,2022-05-30,B09TWWRFP9,Orly Breathable Nail Lacquer Polish - Spring 2022 Collection - Pick Your Color 0.6oz/each (Pinky Promise),All Beauty,8.88,0.11,0,control,1,0
O000703,C_0751413,2021-07-26,B07W6LBB2H,Vlasy 28inch 25g/lot Pre bonded Nail Tip Human Hair Extensions Straight Keratin Fusion U Tip Hair Natural Black Hair Extensions 1B# UTip Hair(1B#),All Beauty,37.94,0.08,0,control,1,1
O000704,C_0751413,2021-04-16,B08KY7VYDS,"Canple Self-cleaning Slicker Brush for Medium Long Hair Types Dog and Cat, Removes Loose Hair Undercoat Effectively Reduce Mats & Tanglings Grooming Brush",All Beauty,47.46,0.02,1,treatment,0,0
O000705,C_0751413,2020-12-17,B088TFMHJZ,Braiding Hair Extensions Crochet Braids Clip In Hair Extensions Ombre Braiding Hair Black Crochet Braids Hair For Black Women (6pc),All Beauty,10.77,0.18,0,treatment,0,1
O000706,C_0751413,2020-11-13,B087Q3VFZG,JulyQueen 165g Crochet Braiding Hair Grey Color Crochet Hair for Black Women Synthetic Hair Extension Fold Length 41 Inch 3 Pack,All Beauty,146.99,0.15,0,treatment,0,1
O000707,C_2127526,2018-11-05,B07HKKFT7T,"Dry Body Brushing Set - Natural Bristle Shower Brush - Remove Dead Skin & Toxins, Cellulite Treatment, Improves Lymphatic Functions, Exfoliates, Stimulates Circulation, Head to Toe Skin Glowing Set",All Beauty,19.88,0.1,0,control,0,0
O000708,C_2280907,2022-10-29,B00CXK679S,"Clear Complex Ppd Lght Cnclr,Almay Cos,6882-01",All Beauty,12.54,0.13,0,treatment,1,1
O000709,C_9707742,2022-05-28,B07QY8V5XT,"Fearless Tape - Sensitive Skin - Women's Double Sided Tape for Clothing and Body, Transparent Clear Color for All Skin Shades, 50 Count",All Beauty,10.78,0.09,1,control,1,0
O000710,C_8999292,2017-08-31,B00ZQ6S0OQ,5-day Deodorant Roll-on Regular 2.5 Oz Pack of 3,All Beauty,19.98,0.07,1,control,0,0
O000711,C_8999292,2015-01-30,B00QYJ84GI,MAKARTTAdjustable 28 Grids Slot Acrylic Storage Box,All Beauty,33.93,0.0,0,treatment,1,1
O000712,C_4063763,2020-10-06,B07S411KYQ,"Hannah Grace anti-aging gentle face exfoliator washcloth. Promotes healthy, smooth, luminous skin - Exfoliating face towel - 2 Pack natural purifying face washcloths - 100% 6A mulberry silk(Champagne)",All Beauty,24.5,0.09,0,treatment,1,0
O000713,C_4063763,2017-06-11,B07NTQNDK8,"WellnessMats Granite 3/4"" Polyurethane Anti Fatigue Floor Mat - Cushioned Comfort & Support for Home, Kitchen, Garage, Office Standing Desk - Non-Slip, Non-Toxic, Durable - 72"" x 24"" - Granite Copper",All Beauty,324.45,0.05,0,control,1,1
O000714,C_2973131,2019-07-21,B07PWLXFR5,"Portable Hand Washing Soap Sheets for School,Nursery, Kids,Girls,BBQ,Party,Camping,Tourism,Travel,Hiking,etc.(5 Pack x 30 Sheets,Rose Scent)",All Beauty,40.84,0.03,0,treatment,1,0
O000715,C_9006282,2020-03-16,B07RVBR1BY,KUNMEI Brown Wigs for Women Short Curly Wavy Hair Wig Natural Looking Heat Resistant Synthetic Fashion Wigs with Wig Cap (Mixed Brown) CM038,All Beauty,11.36,0.0,0,control,0,0
O000716,C_0131964,2021-06-16,B07CDYN5W8,"Garnier Fructis Style Full Control Anti-Humidity Hairspray, 8.25 Oz, 3 Count (Packaging May Vary)",All Beauty,21.79,0.14,0,treatment,1,0
O000717,C_0896199,2021-10-26,B08HGMZZ46,4 Pieces Nail Design Tools Acrylic Nail Clipper Nail Cutter with Stainless Steel Cuticle Trimmer and Cuticle Pushers (White),All Beauty,27.8,0.13,0,treatment,1,0
O000718,C_0896199,2019-01-08,B07HFVCCHW,"Hair Bun Maker, YaFex Magic Bun Maker, Donut Bun Shaper, Ballet Hair Bun Styling Tool with 6 Pcs Hair Elastics and 1 Bag Bobby Pins, Blonde",All Beauty,13.65,0.11,0,treatment,1,0
O000719,C_2025749,2021-08-31,B09C1Y2PM8,"20 Pcs/Box Tattoo Lipstick Cotton Swab, Matte Long Lasting Lip Gloss Waterproof Non-Stick Lip Tint(4 Mixed Colors)",All Beauty,31.74,0.16,0,control,1,0
O000720,C_3170110,2019-05-22,B07L62L82R,SEIKEA Tie Wrap Around Ponytail Hair Extension Long Curly for Women 24 Inch - Auburn,All Beauty,23.67,0.15,0,control,1,0
O000721,C_3874454,2022-02-23,B09HTPJ5PJ,"Unaone Scalp Massager Shampoo Brush, Care Hair Brush with Soft Silicone Scalp Massager Wet and Dry Hair Scalp Brushes for Long Thick Curly Hair",All Beauty,11.11,0.07,0,control,1,0
O000722,C_3319008,2016-02-20,B0195RD0QY,10 Men's Designer Cologne Sample Vials,All Beauty,12.68,0.07,0,control,0,0
O000723,C_9167471,2020-02-22,B07RM1C9GK,"Neworkg 20 Pack Handmade Soap Easy Bubble Mesh Bags, Exfoliating Mesh Soap Saver Bag - Double Layer Bubble Foam Net for Body Facial Cleaning(Assorted Colors)",All Beauty,18.4,0.0,0,treatment,1,0
O000724,C_8355308,2023-02-13,B096LHP8WQ,"Nail-Aid 1 Minute Artificials - Nail Treatment, Clear, 0.55 Fl Oz",All Beauty,3.39,0.08,0,control,0,0
O000725,C_6312053,2021-12-01,B096LHP8WQ,"Nail-Aid 1 Minute Artificials - Nail Treatment, Clear, 0.55 Fl Oz",All Beauty,3.57,0.13,1,control,0,0
O000726,C_6312053,2019-08-24,B017CKRWFG,Hempz Airbrush SUNLESS BRONZING SPRAY - 7 oz.,All Beauty,7.23,0.03,0,control,0,0
O000727,C_6312053,2018-11-28,B074TG7CVH,"Hair Chalk, Hair Chalk for Girls Brassiness For Silver (medium, 10 colors…)",All Beauty,10.24,0.14,0,treatment,1,0
O000728,C_6312053,2018-11-13,B06XNLTVV2,Nutress Hair Protein Pack Treatment Shampoo,All Beauty,19.4,0.0,1,control,1,0
O000729,C_6312053,2015-04-06,B002MYXUO0,IQ Natural Premium Mineral Beauty Powder Natural Touch Bronzer Large 5g New!,All Beauty,9.28,0.08,1,control,1,1
O000730,C_6312053,2013-07-08,B005LFNUF6,Altaire Paris Anti Aging Intensive Youth Day Cream 1.7 Oz,All Beauty,44.01,0.0,0,treatment,1,1
O000731,C_6311184,2021-06-20,B08BY91SGT,"RAREKIND Fade Matte Lipstick by Amorepacific - 10 Colors, Cruelty-Free Nourishing Lip Stick, Velvety-smooth, Long-Lasting Moisturizing Lipstick - 3.2g Maple Road",All Beauty,21.24,0.21,0,treatment,0,0
O000732,C_0326463,2022-01-10,B08C2GDFYG,B08C2GDFYG,All Beauty,25.34,0.05,0,control,1,1
O000733,C_0577271,2014-08-14,B00KCTER3U,"Retinol Face Moisturizer Cream Natural Facial moisturizing Cream 1.76 OZ with Ortho-Hydroxybenzoic Acid,VE for Hydrating,Repairing",All Beauty,10.81,0.11,0,treatment,1,1
O000734,C_1669814,2019-07-01,B00B5WMP8M,Maybelline Big Eyes Light Catching Quad Eyeshadow Palette-04 Luminous Blue,All Beauty,33.15,0.15,0,treatment,1,0
O000735,C_6170127,2015-07-13,B00I58M2Q4,Sun Luck Whole Mung BEAN SPROUTS 15oz (4 pack),All Beauty,27.46,0.04,0,control,1,1
O000736,C_6368568,2022-01-22,B091T4XZKZ,"CFQ Large Nail Clippers Set, Big Toenail Fingernail Clippers for Ingrown Toenails, Stainless Steel Nail Cutter for Professional Podiatrist, Trim Thick Nails for Men, Women, The Elderly and Adults.",All Beauty,6.65,0.03,0,treatment,1,1
O000737,C_7422230,2019-12-02,B07JFRNWDY,"Creighton Harris Men’s Bar Soap | Refreshing & Moisturizing Body Soap | Mild & Masculine Daily Cleanser (Oatmeal Lavender, 3 Pack)",All Beauty,13.66,0.09,0,control,0,1
O000738,C_1725235,2019-10-23,B07WDN4S58,"Ownest Hair Roots Treatment Professional Hair Conditioner, Keratin Hair Treatment Mask Deep Conditioner Molecular Hair Roots Treatment, 5 Seconds To Restore Soft Hair-120milliliter",All Beauty,12.59,0.16,0,treatment,1,0
O000739,C_2961759,2016-08-08,B01GL4HV64,"Tweezers Set of 3 Stainless Steel With Leatherette Case (Frosted Glitter Series: Blue Flat, White Pointed and Pink Slant Tip) Best for Eyebrow/Ingrown Hair - Precision Tweezer Kit",All Beauty,20.93,0.06,0,treatment,1,0
O000740,C_7717796,2022-09-10,B09C1BFKS3,"Matte Hair Claw Clips-6 Packs Nonslip Medium Hair Clips for Thin Hair, Triangle Strong Hold Jumbo Hair Jaw Clips Barrettes Hair Styling Accessories for Women Girls",All Beauty,35.72,0.02,0,control,0,0
O000741,C_0203259,2020-02-25,B01LZ3ZRH1,Too Faced Sketch Marker Liquid Art Eyeliner (Smokey Emerald),All Beauty,22.47,0.06,0,treatment,1,0
O000742,C_0203259,2018-10-05,B076JLNGS5,"Curl Defining Cream Activator for Soft Beautiful Curls - Lightweight Jojoba Oil, Sunflower Seed - Paraben, Sulfate, Alcohol Free Hair Cream for Dry, Frizzy, Color Treated Hair by Osensia, 4 Ounces",All Beauty,13.03,0.05,0,treatment,1,0
O000743,C_1316858,2021-07-19,B01AONIWZM,"Drake's Devil Dogs, 95.41 oz, 7 Boxes",All Beauty,34.94,0.1,0,control,0,0
O000744,C_8670934,2017-09-09,B00IUI0QFS,SensatioNail LED Lamp,All Beauty,36.73,0.07,0,treatment,1,0
O000745,C_0576505,2020-12-19,B07YJR8R18,ClumsyPets Professional Grooming Brush for Dogs and Cats Pet Grooming Brush,All Beauty,18.03,0.1,0,treatment,0,1
O000746,C_2370130,2018-03-15,B075MWNBVG,Elastic Hair Tie Hair Velvet Bands Scrunchies Scrunchy Bobbles No Damage Traceless Hair Ring Rope No Crease Ponytail Holders Stretchy Flower Donut Hair Bow Styling Accessories Colorful 15 Pack,All Beauty,4.59,0.07,0,control,1,1
O000747,C_0492196,2017-11-11,B00BS473N4,1 Kleancolor Nail Polish Lacquer #20 Neon Pink Manicure + Free Earring Gift,All Beauty,5.81,0.14,0,treatment,1,0
O000748,C_0547869,2018-04-20,B000NIZYIW,"Soft 'N Style Applicator Bottle, 6 oz",All Beauty,3.3,0.17,0,control,0,0
O000749,C_9306847,2015-07-10,B00E2SF6Q4,"Crystal Glass, Genuine Czech 5 Inch Nail File in Green Hard Case",All Beauty,23.77,0.04,0,treatment,0,1
O000750,C_2312101,2019-12-30,B07PTNZLC6,300 Pack Bun Brown Hair Bobby Pins U Shaped Pin with Box Hair Grips to Clip Ballet Hair Net for Women (2.3 inch),All Beauty,27.59,0.16,0,treatment,1,0
O000751,C_0373521,2018-06-12,B0797ZLSXH,GUM Soft-Picks Original - 150 Count - Pack of 2,All Beauty,15.79,0.08,0,treatment,0,0
O000752,C_1664626,2021-09-28,B08K2WH8LK,"UNNY CLUB Cover Glow Cushion 0.3 Oz / 11g Beige Color SPF50+, Flawless Gloss Cushion Powder Complex Single Layer Concealer Cover Moisture Essence Tight Fit, Korea Cosmetics (No.21 Light Beige)",All Beauty,8.39,0.0,0,treatment,0,0
O000753,C_1664626,2021-08-24,B096G6722H,"Retinol Anti-aging Night Cream, Face Moisturizer for Anti-aging, Firming, Moisturizing With 3% Retinol, 2% Hyaluronic Acid, Polypeptides, Fullerenes, Vitamin C and E-American Brand",All Beauty,9.55,0.04,0,control,1,1
O000754,C_1664626,2021-07-19,B092Z6B3GR,"Fiber Lash Mascara 2pcs Waterproof Dense Extra High Lash Blast Voluminous Lengthening Mascara Black, 0.54 Fl Oz",All Beauty,13.82,0.18,0,treatment,0,0
O000755,C_1664626,2021-07-09,B09GNXK3N1,"Reusable Shower Cap for Women – Leakproof, Nonslip Hair Cap for Shower w/ Comfy Flexiband – Soft, Breathable Shower Caps for Women Reusable Waterproof – Durable, Heavy Duty Shower Cap by SMPL OBJECTS (Marble)",All Beauty,18.66,0.1,0,control,1,1
O000756,C_1664626,2021-06-16,B094MQSRDL,PHOERA 30ml Foundation Liquid Full Coverage 24HR Matte Oil Control Concealer (Nude #102) with Face Primer & Air Cushion CC Cream BB Cream Mushroom Head Foundation & Petal-Shaped Cosmetics Brush,All Beauty,8.96,0.15,0,treatment,1,1
O000757,C_1664626,2021-06-12,B08D4X4W22,SHIONLE - Semi Matte Air Lipstick: Creamy semi matte lipstick | Long Lasting | Great Coverage | Creamy Texture | 06 CRUSH BERRY | 3.3g,All Beauty,31.12,0.0,0,control,1,0
O000758,C_1664626,2021-06-11,B0BQQ5L942,"50th Birthday Gifts for Women, 40th Birthday Gifts Women, 60th Birthday Gifts for Women, Gift Basket for Women, Spa Gifts for Women, 30th Birthday Gifts for Her, 70th Birthday Gifts for Women – 7 PC",All Beauty,32.49,0.14,0,treatment,1,1
O000759,C_1664626,2021-06-05,B08P5JZYX8,Asenlin Hair Ties Bands 4MM Durable Neutral Ouchless Accessories for Women Men Girls No Metal Elastics Thick Tie with Strong Ponytail Holder and for Medium Hair(24 Count of 3 Pack)-Black,All Beauty,12.92,0.02,1,control,1,0
O000760,C_1664626,2021-05-17,B08DK4NDM3,"Glow Line Individual Hand Wipes - Hand Wipes Travel Size, Lavender Rose Travel Hand Wipes - Moist Towelettes Individually Wrapped, Wet Wipes Individually Wrapped w/Murumuru Seed & Peptides - 15 ct",All Beauty,7.85,0.19,0,treatment,0,1
O000761,C_1664626,2021-05-08,B084WP4XS8,"CELIMAX The Real Sedum Aqua Boosting Essence - with 65.33% Sedum Extract, Hyaluronic Acid Complex, 150ml",All Beauty,32.74,0.06,0,treatment,1,1
O000762,C_1664626,2021-04-12,B08QVJ4NVD,"OGANA CELL Bio Actiome Recovery Cream 50ml / 1.69oz - Mild All in One Cream, Soothing & Anti-Wrinkle, Peptides and Blackbee Extract Contained Nourishing Skin Care",All Beauty,33.26,0.04,0,control,0,0
O000763,C_1664626,2021-04-11,B07RBSLNFR,"OGANA CELL Peptide Concentrating Amazing Lotion 2.03 fl.oz. (60ml) - 650ppm Peptide Contained Mild Moisturizing Facial Lotion, Hypoallergenic Natural Ingredients for Sensitive Skin",All Beauty,23.58,0.01,0,treatment,1,0
O000764,C_1664626,2021-04-09,B08RS762Z7,"Hair Bands for Women's Hair, Fashion Headbands, Headbands for Women, Headband for Fitness, Head Band for Outdoor Activities, Gift Pack 2pc, High Elastic, Non Slip, Breathable, Soft.",All Beauty,14.05,0.06,0,treatment,1,1
O000765,C_1664626,2021-04-09,B084JGNSST,"Organic Dry Shampoo Light - Dry Shampoo Travel Size, Hair Powder Dry Shampoo for Women and Men, Volumizing Powder for Hair and Texture Powder, Hair Volume Powder for Blonde Hair",All Beauty,4.47,0.07,0,treatment,1,1
O000766,C_1664626,2021-04-05,B08NJ5BTWG,"FASCY LAB GREEN+ Korean Sunscreen — SPF 50+PA++++, Daily Facial Sunscreen, Sun Cream With Patented Ingredients, Korean Spf, Korean Sun Cream for Face — Paraben Free [1 x 1.69 Fl.Oz.]",All Beauty,21.72,0.13,0,control,1,0
O000767,C_1664626,2021-03-20,B08GSMN8DD,"Easydew Starter Bright Peeling Gel 4.06 fl oz - Soothing & Moisturizing Wash Off Face Exfoliant with LHA, Cellulose, and Panthenol I Korean Skincare for Blackheads, Large Pores, and Sensitive Skin",All Beauty,17.78,0.08,0,treatment,1,1
O000768,C_1664626,2021-03-10,B08MRRNL18,"Lenghthening Mascara by Almay,Volume & Lift, Eye Makeup, Hypoallergenic and Fragrance Free, 010 Blackest Black, 0.24 Fl Oz",All Beauty,7.61,0.0,0,treatment,1,0
O000769,C_1664626,2021-03-03,B07849GHQF,"Papillon Organic 100% Pure Pomegranate Seed Oil - Organic Unrefined Cold Pressed Antioxidant Moisturizer - Vitamins for Vibrant Skin, Hair & Nails - 1 Bottle",All Beauty,31.76,0.13,0,control,0,0
O000770,C_1664626,2021-03-01,B08GP7CV1S,"KISSIO Black Mascara,Double-ended Mascara,Mascara 2 in 1,Black Thick Mascara,Stereotype & Thick,Clear Roots,Effective for 12 hours,2 Step,1 Tube",All Beauty,28.25,0.08,0,treatment,1,1
O000771,C_1664626,2021-03-01,B08D7TLV21,[BLANCHET] Glam Pearl Radiance Brightning Deep Moisturizing Capsule Serum 40ml 1.35 Fl oz,All Beauty,29.6,0.06,0,treatment,0,1
O000772,C_1664626,2021-02-26,B079573LDT,"MYFOOT Moisturizing Foot Wipe for After Foot Mask Peel or After Beach, Fresh Cleansing Wet Wipes Helps to Soothe Dry Heels, Repair and Hydrate Healthy Feet with Vitamin E & Aloe",All Beauty,17.78,0.19,0,control,0,0
O000773,C_1664626,2021-02-06,B07DS4GPGX,"Good Lab Blooming and Thickening Serum for Men and Women, DHT-Blocker Serum for Hair Growth",All Beauty,7.8,0.09,0,treatment,1,0
O000774,C_1664626,2021-02-02,B08GSKRQKD,ILOJE Capsule CC Cream Comfortable Care SPF48 PA++ 1 pack,All Beauty,22.07,0.1,0,treatment,1,1
O000775,C_1664626,2021-02-01,B083XRBG99,ELSHA Soap 3-Pack GARDEN THYME Box Set,All Beauty,55.55,0.0,0,control,0,0
O000776,C_1664626,2021-01-31,B08PBDK3WT,MASHELE 5 pcs Neck Anti Wrinkle Pads - Set of 5 Anti Aging Tightening Patches Treatment and Prevention Pad for Men and Women Christmas Gift (Neck Treatment),All Beauty,20.54,0.0,1,treatment,1,1
O000777,C_1664626,2021-01-30,B01N7A5AGF,Easydew EX Repair Control Renewal Moisture 1.70 fl.oz.,All Beauty,60.96,0.08,0,control,1,1
O000778,C_1664626,2021-01-16,B07YS9W97B,"EASYDEW Starter Moist Whip Foam 5.07 fl oz - Non-Drying, Gentle & Purifying Foaming Cleanser with Ceramide I Exfoliating Daily Face Wash that Removes Dirts and Makeup",All Beauty,9.19,0.04,0,treatment,0,1
O000779,C_1664626,2021-01-15,B06ZYWVSZY,"Alteya Organics Sunscreen Rose Face Cream Spf 30, 50 ML",All Beauty,15.49,0.17,0,treatment,1,1
O000780,C_1664626,2021-01-09,B08JCX3DL7,"Pippa Of London Magic Star Eyeshadow Powder Pencil, Long Lasting, Blendable Eye Make Up Stick",All Beauty,20.3,0.0,0,treatment,0,0
O000781,C_1664626,2020-12-21,B08L3J4FB9,"MIZON Cicaluronic Line, Cicaluronic Cleansing Balm, Makeup Remover, Centella Asiatica,Hyaluronic Acid, One Step Cleansing (2.7 fl oz)",All Beauty,17.12,0.11,0,treatment,1,0
O000782,C_1664626,2020-12-18,B08KNVV18L,"LEAP Lemongrass Hand Soap, Natural & Moisturizing Lather, Gentle & Rinses Clean, Made with Organic Oils, Cruelty Free & Vegan, Liquid Hand Wash, Superbly Designed, 12 fl oz",All Beauty,58.4,0.01,0,treatment,0,1
O000783,C_1664626,2020-12-14,B07YNDWRCB,Hylunia Hydrate Body Wash - Energizing Blend With Mango 8.5 oz,All Beauty,9.47,0.06,0,control,0,1
O000784,C_1664626,2020-12-11,B07NPCT6L5,"Dr. Au Anti-Aging Face Oil Retinol Serum by Au Natural Skinfood - Promotes Youthful, Glowing Skin | Collagen Boosting Wrinkle Repair | No Oily Residue - Just Soft to the Touch Skin | Day & Night Moisturizing treatment for Men and Women",All Beauty,38.47,0.07,0,control,1,0
O000785,C_1664626,2020-11-27,B086TS3BKQ,Bodyguard Moisturizing Immunity Soap 6pk | 7 Essential Oils Clinically Evaluated to Boost Immunity and Protect | Moisturizes with Sweet Almond Oil | Healthy PH for Skin Microbiome,All Beauty,27.02,0.02,0,treatment,1,0
O000786,C_1664626,2020-11-20,B0868G8GQB,"ISNTREE Cica Relief Ampoule Duo Set (0.37+0.37 fl. oz.), Concentrated Centella Asiatica Extract,",All Beauty,7.97,0.09,0,control,0,0
O000787,C_1664626,2020-11-17,B07PCGSFGQ,Balance White Mud Balancing Mask by Au Natural Skinfood | Rotorua Exfoliating Mask with 16+ Manuka Honey | Certified | Food For Your Skin | All Skin Types | Made in New Zealand | 1.7 oz,All Beauty,20.29,0.07,0,treatment,0,1
O000788,C_1664626,2020-11-13,B07MZT83KK,"EASYDEW Starter Soft Conditioning Face Wash 6.76 fl oz - Soothing and Moisturizing Face Wash with Ceramides, Hydrogen Water & DW-EGF I Deep Pore Cleanser & Hypoallergenic Gentle Makeup Remover",All Beauty,14.04,0.18,0,control,1,0
O000789,C_1664626,2020-11-13,B08KGVBW41,Kneipp Shower Foam Goodbye Stress Water Mint & Rosemary 6.81 Oz,All Beauty,11.85,0.19,0,control,0,1
O000790,C_1664626,2020-11-12,B08GJJ5RV9,"Facial Skincare,Cucumber Essence Hydrating Moisturizing Revitalizing Hydration Fruit Extract Deep Cleaning Facial Skincare Sheet for All Skin Type Care, 35ml/1.18oz, Pack of 5",All Beauty,18.36,0.05,0,treatment,1,1
O000791,C_1664626,2020-11-12,B07VDCD17L,EASYDEW Fill Up Volume Spot 0.67 fl oz -Anti-Aging Filler Spot Good for Topical Wrinkle Care with Hyaluronic Acid I Moisturizer with Instant Filling Effect and Skin Renewal | For Topical Area,All Beauty,7.85,0.11,0,control,1,1
O000792,C_1664626,2020-11-09,B073ZR1XLQ,EASYDEW Repair Control Renewal Intensive Moisture 1.69 fl oz - Rapid Wrinkle Care with Human Epidermal Growth Factor I For Dry to Sensitive Skin I Nourishing & Instant Hydration with Ceramide NP,All Beauty,8.0,0.09,0,treatment,0,1
O000793,C_1664626,2020-10-25,B08H2KSHZZ,"CURECODE Neuromide Ampoule (30 ml), Concentrated Formula of Active Ingredients, Microbiome Science for Extremely Sensitive & Dry Skin, Repair and Protect Skin Barrier Function, Brightening and Firming for Mature Skin Types",All Beauty,28.51,0.11,0,control,1,1
O000794,C_1664626,2020-10-23,B01N99J9FD,"Juicy Chemistry - Organic & 100% Natural Hydrating Face & Body Scrub for Women with Dry & Mature Skin w/Hazelnut, Coffee & Chocolate (75g)",All Beauty,14.43,0.11,0,control,1,0
O000795,C_1664626,2020-10-09,B08BB3P4VQ,"Hemp Lotion for Dry Skin - Soothing Rose Flower & Aloe Hydrate Your Complexion - Non-Greasy, Vegan, 7Oz, 250Mg Hemp, Fragrance & Paraben Free - Guayaquil By La La Leaf",All Beauty,15.74,0.13,0,control,1,1
O000796,C_1664626,2020-10-03,B08C37KWRR,"1513 by LA LA LEAF - All Natural Facial Cream, 750mg Quick Absorbing Hemp Moisturizer with Rosehip, Carrot Seed and Provitamin B5 - Smooths Wrinkles for Firm Glowing Skin - Paraben-free, Cruelty-free, Vegan",All Beauty,11.55,0.11,0,treatment,0,0
O000797,C_1664626,2020-09-29,B083BGJ4P9,"Travel Friendly Face Cleanser, Quick Cleansing Dry Tissue 20 Packs - Dry Facial Wipes Makeup Remover Travel Size, Exfoliating Wipes For Face",All Beauty,26.29,0.06,0,treatment,1,1
O000798,C_1664626,2020-09-20,B088GWCVVJ,"Easydew Daily Double Hydra Cream 2.02 fl oz - Moisturizing Cream with EGF & Serine of NMFHydrating, Soothing, Anti-Aging EGF, Serine - N.M.F(Natural Moisturizing Factors) for Oily, Sensitive, Acne-Prone, Dry Skin Types",All Beauty,9.13,0.12,0,treatment,0,0
O000799,C_1664626,2020-08-18,B087X4B475,"Natural New Hair growth Pills By Seanergix, Prevention Treatment Helps Restore Strength, Volume, and Thickness. Developed to Reduce Hair Loss and to Stimulate Regrowth of New Hair for Men and women",All Beauty,15.97,0.05,0,treatment,1,1
O000800,C_1664626,2020-08-09,B07RGZNDV4,"DROP THE BOMB Bbosong Sun Stick SPF50+ PA++++ 15g - Oil Free UVA/UVB Protection Sebum Control Skin Smooth Moisturizing Sunblock Stick Balm without Sticky, Primer before Makeup",All Beauty,17.31,0.08,0,treatment,1,0
O000801,C_1664626,2020-07-31,B083PQNHF8,Eye Shadow Switching Pan and Removable Sponge for Makeup Supplies,All Beauty,17.27,0.05,0,control,1,1
O000802,C_1664626,2020-07-22,B086SSHLWT,"4D Silk Fiber Lash Mascara Black, Waterproof Natural Thick Fiber Mascara, Thick Thickening Lengthening, Dramatic Extension Voluminous Eyelashes Mascara, No Clumping, No Smudging Lasting All Day",All Beauty,32.18,0.07,0,treatment,1,0
O000803,C_1664626,2020-07-01,B0859CYSTM,"VILLAGE11FACTORY Cica Cream, Centella Soothing and Repairing Cream for Dry and Irritated Skin, Moisturizer, Anti-Wrinkles, Lightweight, Relieves Irritated Skin, Fragrance Free, Dermatologically Tested, 1.69 fl oz 50ml",All Beauty,12.51,0.17,0,treatment,0,0
O000804,C_1664626,2020-06-17,B0855L611L,"Lesentia Tinted Moisturizer with SPF 31 – Tinted Moisturizer For Face With Spf and Blemish Concealer with All Natural Ingredients like Shea Butter, Jojoba Oil, Vitamin E and Zinc* (Medium - 2fl oz)",All Beauty,15.94,0.0,0,treatment,0,1
O000805,C_1664626,2020-01-26,B07PTQHSQS,"DERMALOGY by NEOGENLAB Real Charcoal Pad, 60 Count",Premium Beauty,10.78,0.14,0,treatment,1,0
O000806,C_1664626,2019-09-30,B076DGMQTM,"Natural Solution Himalayan Pink Salt Body Scrub with Natural Honey,Ultra Hydrating and Exfoliating Scrub for Nourishing Essential Body Care - 12.3 oz",All Beauty,41.39,0.0,0,control,0,1
O000807,C_1664626,2019-09-19,B07X4J45PS,"Cosmetic Travel Containers, Leakproof Silicone Travel Bottles Set, TSA Approved Travel Size Cosmetic Toiletries Containers Accessories Set for Shampoo Conditioner Facial Cleanser Cream",All Beauty,5.2,0.08,0,control,1,0
O000808,C_1664626,2019-06-22,B07R3BMYBG,Women Facial Razor for Hair Removal - Dermaplaning Tool Peach Fuzz Trimmer Womens Fine Hair Remover Eyebrow Razors and Dermaplane Face Shavers Women's Exfoliating for Sensitive Skin Essential Travel,All Beauty,7.41,0.05,0,control,1,1
O000809,C_1664626,2019-06-21,B0002M5JNY,Oral-B Model S-200 Sonic Complete Rechargeable Power Toothbrush,All Beauty,23.41,0.12,0,control,1,0
O000810,C_1664626,2019-04-20,B07LCHCD6Q,"Water Flosser Cordless Teeth Cleaner, SOOCAS Professional Oral Irrigator 230ML Portable and Rechargeable Water Dental Flosser with 3 Modes and 4 Jet Tips, IPX7 Waterproof, USB Charged for 30 Days Use",All Beauty,6.55,0.19,0,treatment,1,0
O000811,C_1664626,2019-04-16,B07LBK2YQX,"Schick Bare By Schick Dermaplaning Tool With 2 Dermaplaning Razors and 1 Cleaning Brush, 2 Count",All Beauty,12.24,0.0,1,treatment,1,0
O000812,C_1664626,2019-04-14,B07H2TPSZ8,"Hair Straightener Brush, Baililai Ceramic Heating Plate Hair Straightening Brush, Anti- Scald, Scratch-Resistant, Auto Shut Off, Anion Spray Styling Straightening Brush",All Beauty,40.99,0.07,0,control,0,0
O000813,C_1664626,2019-04-12,B07MRFZQVW,Jade Roller for Face 2 in 1 Gua Sha Tools Including Rose Quartz Roller and Jade Face Massager 100% Natural Jade Facial Roller Anti Aging Face Roller Massager (Green Jade),All Beauty,7.35,0.08,0,treatment,0,1
O000814,C_8743426,2021-01-28,B08JVJ1TDC,"Silicone Back Scrubber for Shower Exfoliating,31.5 Inch Silicone Bath Body Brush,Silicone Back Scrubber Mighty Planet for Men and Women,Deep Clean & Invigorate Your Skin,Easy to Clean(Green)",All Beauty,23.57,0.14,0,treatment,1,0
O000815,C_3531571,2021-06-19,B08S2LYN64,Long Black Wavy Wig with Bangs for Women Synthetic Wigs Natural Looking Realistic Wigs Hair for Daily Party Cosplay Use,All Beauty,3.81,0.09,0,control,0,1
O000816,C_3531571,2021-02-26,B07HVRP37G,"Rose Quartz Roller with Derma Roller 0.25mm, Facial Kit with Microneedle and Pink Jade Rollers",All Beauty,19.07,0.11,0,control,0,0
O000817,C_3531571,2020-10-21,B088ZVSLYP,"Bath Pillow for Bathtub, Spa Pillows for Neck Head Shoulders Back Support, Thick Bath Tub Cushion with 6 Suction Cups Men Women Breathable Comfort 4D Air Mesh Quick Dry Headrest Bath Accessories",All Beauty,10.32,0.13,0,treatment,0,0
O000818,C_5203270,2021-07-19,B01M1OFZOG,"Bed Head Curve Check Curling Wand for Tousled Waves and Texture, Jumbo Barrel",All Beauty,28.53,0.0,0,control,1,1
O000819,C_1350614,2019-03-05,B009WFVG66,Moon Tattoo Stickers 19style Totem Temporary Tattoos Star Tattoo Stickers,All Beauty,15.19,0.07,0,treatment,0,0
O000820,C_1332251,2020-12-26,B07YR837T2,Dr Teals Body Wash w/Pure Epsom Salt & Essential Oils - Bundle w/Dr Teals Body Lotion! Replenishing Set! (Citrus),All Beauty,15.72,0.03,0,treatment,0,0
O000821,C_5623494,2019-09-02,B0BV1FPZY6,"SAUCE BEAUTY Guacamole Whip Hair Mask - Deep Conditioning Hair Mask for All Hair Types w/Avocado, Honey & Argan Oil - 12 Fl Oz Hair Mask for Dry, Damaged & Frizzy Hair (Guacamole)",All Beauty,11.21,0.0,0,treatment,1,1
O000822,C_0084712,2021-02-09,B08G149DSD,Nxconsu 8Pcs Rhinestone Headbands for Women Girls Teens Kids Fashion Comfort No Hurting Hair Accessories Thin Hair Bands Crystal Exquisite Color Selection,All Beauty,35.9,0.0,0,control,1,1
O000823,C_0084712,2020-07-25,B086WDP3JW,Fresion naill lamp,All Beauty,28.76,0.0,0,control,0,0
O000824,C_0084712,2020-07-07,B071LLTN9H,GladGirl Liquid Liner (Ebony),All Beauty,46.43,0.01,0,control,1,0
O000825,C_6178089,2020-12-12,B0811W2VTR,Fdesigner Cute Fake Nails Acrylic Nail Decoration Full Cover False Nail Art Accessories Nude Square Oval Clip on Nail for Nail Salons or Diy Art at Home (Glossy),All Beauty,25.68,0.13,0,treatment,0,1
O000826,C_8028024,2022-11-04,B0B5Q9JK15,Aonkia Human Hair Dreadlock Extensions for Man/Women Loc Extensions Human Hair 0.2cm Width 18 inch 28 strands Full Hand-made Permanent Dread Locs Extensions Human Hair,All Beauty,13.63,0.18,0,control,1,0
O000827,C_8028024,2022-10-08,B00QLBCXL6,Willie Morrow Eze-teze (Styling Comb) in Assorted Colors (Green & Orange),All Beauty,4.26,0.15,0,control,0,1
O000828,C_8028024,2022-05-30,B09XF4WD3V,"HMPRT 80s Costumes for Men, Halloween Heavy Metal Rocker Wig with Trucker Hat, Black T-Shirt Outfit, 90s Accessories Blow Up Guitar Music Costume Prop,L",All Beauty,33.51,0.02,0,treatment,1,1
O000829,C_8028024,2022-05-10,B09G95ZZR5,"Electric Eyelash Glue Shaker ,Automatic Eyelash Glue Mixer Portable Evenly Liquid Mixer Nail Gel Polish Shaker ,Tattoo Ink Pigment Liquid Shaking Machine with 2pcs Connector 6pcs Glue Cover Die",All Beauty,30.08,0.11,0,treatment,0,0
O000830,C_8028024,2021-10-29,B08MBJ6WPN,"Straight Razor with 10 Blades, Single Blade Barber Straight Edge Razor for Men Women, Manual Hair Shaving kit Fits Single Edge Blade, For Barbers, Salons, Hair Enthusiasts (Green Wood)",All Beauty,36.02,0.0,0,control,0,1
O000831,C_8028024,2021-10-07,B0998BD871,"O.M.CHIC Mannequin Head with shoulders for wig, Display wigs Eyeglasses Necklaces and Earrings",All Beauty,11.19,0.05,0,control,0,0
O000832,C_8028024,2021-10-07,B08TGKJKB8,"DARKLATER Tongue Scraper for Adults,Metal Tongue Cleaner,Tounge Scraper Cleaner,3 Pack",All Beauty,58.92,0.3,0,control,1,0
O000833,C_8028024,2021-09-16,B099NG1NKV,"PP OPOUNT 216 PCS Dreadlocks Accessories, DreadLock Beads Hair Decorations with Tube Beads Hair Braiding Metal Cuff, Wood Beads and Hair Pendants for Braids Hair Decoration",All Beauty,18.27,0.12,0,control,1,0
O000834,C_8028024,2021-09-04,B098SYW3L5,"Eyebrow Stamp Waterproof, Brow Stamp Shaping Kit Eyebrow Definer, Eyebrow Stamp Women Makeup Tools One Step Eyebrow Stamp Shaping Kit with 10 Reusable Eyebrow Stencils (black)",All Beauty,14.43,0.21,0,treatment,0,0
O000835,C_8028024,2021-08-18,B095XW2M8L,Neelash False Eyelashes 40 Pairs Faux Mink Lashes Pack 8 Styles Fluffy Dramatic Fake Eyelashes Wholesale Mink Eye Lashes,All Beauty,27.37,0.13,0,treatment,1,1
O000836,C_8028024,2021-07-10,B08VDTW6V6,BVENDANO 10×10gm Face Paint Kit One Stroke Split Cake Water Based Palette with 3 Professional Brushes Body Paint Makeup Birthday Party Halloween,All Beauty,35.53,0.04,0,control,1,0
O000837,C_8028024,2021-06-27,B08XLRCVKY,Poly Nails Gel Kit - Glitter Poly Nails Gel 6 Colors Builder Gel Nude Nature Series Nail Extension Gel Nail Enhancement Manicure Kit for Gel Polish Starter and Professional Nail Technician,All Beauty,10.12,0.11,0,treatment,1,0
O000838,C_8028024,2021-06-07,B08R3F946X,LXIANGN Nail Glass Cup With Lid Cute Dappen Dishes 2PCS Heart Shaped Bowl Glass Mini Crystal Bowls for Nail Art Manicure Care Tools,All Beauty,23.9,0.2,0,control,0,0
O000839,C_8028024,2021-05-31,B08MF778D7,"Clear Nails Tips Coffin Shape, 480PCS Cosics 2IN1 Glossy Clear Press On Nails Almond Stiletto & Ballerina Shape Medium with Storage Box, Artificial Acrylic False Fake Nail Art Tips for Women DIY",All Beauty,33.48,0.0,0,treatment,0,1
O000840,C_8028024,2021-05-14,B08XJLD2YH,"Blackhead Remover Pore Vacuum Cleaner,2021 Electric Facial Black Head and Pimple Vacuum Removal Tool with Hot Compress,Comedone Acne Whitehead Extractor-USB Rechargeable,4 Porbes (Green)",All Beauty,29.48,0.14,0,control,1,1
O000841,C_8028024,2021-02-16,B08M5CBVWJ,"Afro Curly Wig Headband Wigs for Black Women, Natural Black Afro Curly Hair Afro Wig Synthetic Wig with Headband Heat Resistant",All Beauty,20.74,0.0,0,control,1,0
O000842,C_8028024,2020-10-11,B07Z548TKH,"Face and Body Paint Kit By Color Technik 24 Professional Oil Based Flash Colors, 2 Sets of 12 Color Palettes, 6 Paint Brushes 70 Stencils 2 Sponges Non-Toxic For Adults & Kids Halloween Painting Party",All Beauty,35.89,0.12,0,control,1,0
O000843,C_3369650,2021-05-04,B08QYW2FJ2,Fog-free Dental Mirror and 4 Pieces of Stainless Steel Dental Pick Professional Oral Care Kit for Family including Dogs Oral Care,All Beauty,20.26,0.08,0,treatment,0,0
O000844,C_4051974,2020-07-14,B089RZ67T7,"Barber Hair Cutting Cape for Men Women, Made with Ultra Soft Silk Fiber, 63"" x 57""",All Beauty,32.03,0.11,0,control,1,1
O000845,C_4051974,2020-03-28,B084ZHP45Y,"Coppertone Kids Clear Sunscreen Lotion SPF 50, Water Resistant Sunscreen for Kids, #1 Pediatrician Recommended Sunscreen Brand, Broad Spectrum Sunscreen SPF 50, 5 Fl Oz Tube",All Beauty,5.8,0.04,1,control,0,0
O000846,C_4051974,2020-02-27,B0046BPTI2,"Hylunia Facial Day Lotion - 1.7 fl oz - Anti-Aging for Wrinkles - with Shea Butter, Hyaluronic Acid Serum, Zinc - Natural Vegan Moisturizer - Rapid Skin Repair",All Beauty,40.8,0.05,0,control,1,0
O000847,C_4051974,2020-01-27,B07YYW1913,Straight 13x4 Lace Front Wigs Burgundy Lace Front Wigs Long Bob Synthetic Ombre Wine Red Wig Pre-plucked with Baby Hair Free Part Heat Resistant Synthetic Lace Wigs for Women 20 Inch,All Beauty,35.2,0.05,0,control,1,0
O000848,C_4051974,2020-01-15,B07X2JL6NH,BLONDE UNICORN (Curly&Blue)…,All Beauty,26.48,0.13,0,treatment,0,0
O000849,C_2814873,2016-09-09,B0B7MCJ618,"Parents Choice Fragrance Free Baby Wipes, 1200 Count (2 Pack)",All Beauty,70.43,0.16,0,control,1,1
O000850,C_6858466,2017-05-19,B01J5ONDPK,Makeup Brush Cleaning Mat,All Beauty,14.2,0.09,0,control,1,0
O000851,C_9866466,2022-11-23,B0BL2Q5PYZ,"1PCS Sparkling Crystal Stone Braided Hair Clips, Braided Hair Clips for Women, Rhinestone Hair Clips for Thick Hair, Flower Hair Clip with 3 Small Clips, Hair Barrettes for Women Girls Styling",All Beauty,5.84,0.11,0,treatment,1,1
O000852,C_9866466,2022-07-16,B0B4VHNL46,L’ange Argan-Infused Round Brush | Lightweight & Ergonomic Design | 43MM Tourmaline Ceramic Barrel,All Beauty,9.82,0.0,0,control,0,0
O000853,C_9866466,2022-01-12,B09MF28WCD,"Unaone Makeup Sponge Beauty Blender, 60 Pieces Makeup Wedges Sponges, Perfect for Blending Foundation and Concealer, Latex-Free Cosmetic Sponges Rhombus, Triangle, Square and Round",All Beauty,11.56,0.19,0,control,1,0
O000854,C_9866466,2021-12-27,B09LLKBZ3S,Morovan Gel Nail Polish Remover Kit - 16oz Gel Polish Remover Professional Remover Liquid Set with Soak-Off Clip Cuticle Pusher Nail File Quick Easy Remove UV Gel Polish Glitter Powder,All Beauty,7.86,0.0,0,control,1,0
O000855,C_9866466,2021-12-18,B09B4V77YH,"Acrylic Nail Brush Set,8pcs Fine Nail Art Brushes For Acrylic Application,Gel Polish Nail Design Pen Tools With Nail Dotting Painting Drawing Brush For DIY Manicure At Home and Salon",All Beauty,19.44,0.04,0,treatment,1,1
O000856,C_9866466,2021-12-18,B09H6XWD7C,"ANGNYA 6Pcs Nail Art Brushes Set Gel Nail Polish Design Pen Painting Tools With Nail Extension Gel Brushs,Builder Gel Brush,Nail Art Liner Brush for Salon at Home DIY Manicure(Pink)",All Beauty,28.08,0.16,0,treatment,1,1
O000857,C_9866466,2021-12-03,B092QKS5WX,"RSTYLE UV Gel Nail Polish Set, 4 Colors Glitter Light Pink Red Gel Nail Polish Kit UV/LED Manicure Nail Starter Kit with Gift Box for Nail Art Design DIY At Home 5ML Tiny Bottle",All Beauty,17.13,0.0,0,treatment,0,0
O000858,C_9866466,2021-12-02,B09CFZK853,"Janier Coffin Nail Tips Nail Glue Kit,2 In 1 Nail Glue Base Coat Top Coat for Acrylic Nail with Coffin Fake Nail and U V LED Nail Lamp,Nail Extension Gel DIY Home Nail Art Set…",All Beauty,24.53,0.01,0,control,0,0
O000859,C_9866466,2021-11-28,B09D6ZDZN8,"Makartt Nail Decoration Set, Parisian Chic-ism 12 Boxes Nail Jewels Nail Crystal and Rhinestones Nail Charms with 3 Sheets Nail Prints Stickers Nail Foil Flower Shape Nail Decals for Nail Art Design",All Beauty,25.59,0.08,0,treatment,0,0
O000860,C_9866466,2021-11-28,B09GT1GYNR,"WALRUS OIL - Preserver Tattoo Balm, 2oz, Nourishes Skin & Enhances Ink, 100% Vegan, Unscented",All Beauty,12.04,0.06,0,treatment,1,0
O000861,C_9866466,2021-11-25,B098GMKW8D,"Simple Pleasures 10-Piece Nail Polish Kit with Shimmering Nail Polish Shades, Glittery Toe Separator, Emery Board Nail File, 50 Nail Stickers, and Clear Plastic Carry Pouch Purse with Zipper",All Beauty,29.92,0.15,0,control,1,0
O000862,C_9866466,2021-11-18,B09571TNVG,AORAEM Mini Nail Dust Collector Portable Suction Dust Collector Machine Handheld Table Dust Sweeper with Brush for Nail Drills Acrylic Nails (Light Grey),All Beauty,11.66,0.0,0,treatment,0,1
O000863,C_9866466,2021-11-14,B09DXR7QJY,"Crystal Glass Dappen Dishes for Nail Art Acrylic Liquid Powder and Nail Polish Removing (2, Clear)",All Beauty,4.24,0.07,0,control,0,0
O000864,C_9866466,2021-11-01,B094QK5NSZ,"Havtyyise-3 sets of men's and women's bathing exfoliating gloves, bath sponge with handle, loofah set is suitable for deep cleansing of the skin and body dead skin remover (about 31 inches long)",All Beauty,12.22,0.01,0,control,0,0
O000865,C_9866466,2021-10-15,B09CTMVY68,"JODK Heatless Curling Rod Headband, No Heat Hair Curlers Ribbon with Hair Clips and Scrunchie, Soft Plush & 100% Silk Rollers for Long Hairs Sleep In, DIY Hair Styling Tools Kit for Women Girl's-Pink",All Beauty,22.76,0.03,0,control,1,0
O000866,C_9866466,2021-09-16,B095C1WF44,Women Ultra Smooth Razor Womens Razors for Shaving Comfortable handle 5-blade Razor + 2 Refill Blades for a Smooth and safety Shave Reusable Razors for Girls Women,All Beauty,16.09,0.06,0,control,1,0
O000867,C_9866466,2021-08-25,B098KCD857,"HH&LL 4pcs Large Hair Claw Clips, 4.3inches Nonslip Strong Hold Clip for Thick Hair (Shiny)",All Beauty,55.69,0.0,0,control,1,0
O000868,C_9866466,2021-08-17,B099NQM7MF,"Silk Exfoliating Mitt,Deep Exfoliating Mitt Body Scrub And Face Scrub,Dead Skin Removal Smooth Skin And Keratosis Pilaris Treatment",All Beauty,39.47,0.0,0,control,0,0
O000869,C_9866466,2021-08-14,B078RC4JXC,"NULASTIN Skin – Gentle Exfoliating Cleanser | Invigorating Face Scrub with Caffeine, Jojoba Oil Beads, Calendula Flower Extract & Witch Hazel — For Dry, Oily & Sensitive Skin (Vegan & Cruelty-Free)",All Beauty,57.0,0.0,0,treatment,1,0
O000870,C_9866466,2021-08-03,B0936GTH2B,"DARKLATER Tongue Scraper for Adults,Metal Tongue Cleaner,Tounge Scraper Cleaner,2 Pack…",All Beauty,39.99,0.1,1,treatment,1,1
O000871,C_9866466,2021-07-08,B095NM2DKG,Pre Stretched Easy Braiding Hair Purple Color Braids Itch Free Hot Water Setting Synthetic Fiber Yaki Texture Black Crochet Braiding Hair Extension (26Inches 8Packs/Lot),All Beauty,22.69,0.11,0,control,0,0
O000872,C_9866466,2021-06-17,B0943Y3Z8N,Jopuzia Natural Jade Roller for Face and Gua Sha Set - Beauty Cosmetic Facial Skin Roller Massager Tool (Pink Heart set),All Beauty,9.09,0.15,1,control,0,1
O000873,C_9866466,2021-06-14,B0912VNQRM,"Daletu Nail Clips, 10PCS Clear Nail Clips Finger Extension Fixed Clip, Quick Building Finger Builder Nail Clamps, Nails Art DIY Manicure Tool",All Beauty,15.97,0.08,0,control,0,0
O000874,C_9866466,2021-06-07,B0916ZRQDG,HEXZE-emoji the iconic brand Moisturizing Lip gloss Long Lasting Kissproof pigmented matte liquid Lightweight-S08,All Beauty,27.19,0.12,0,treatment,0,0
O000875,C_7535954,2020-02-23,B07T9DC9XK,"Holographic Body Glitter, TEOYALL Long Lasting Glitter Shimmer Chunky Sequins Glitters for Body, Face, Hair Makeup (Colorful)",All Beauty,44.8,0.06,0,control,1,0
O000876,C_7535954,2014-10-07,B004F87CT0,Beauty Secrets Top Coat 2.5 oz.,All Beauty,19.76,0.01,0,treatment,1,0
O000877,C_5192329,2021-08-29,B08LG88SWS,"Bath Bombs Gift Basket for Women. 18 Moisturizing Bulk Bath Bombs with Essential Oils & Shea Butter. Organic, Individually Wrapped Bath Bombs Gift Set. Best Holiday Gift Basket for Women",All Beauty,17.44,0.1,0,treatment,0,0
O000878,C_5192329,2021-08-17,B08DJ1BMHX,"Portable Electric Nail Drill,Professional Nail Drill Kit for Acrylic Gel Nails,Efile Nail Drill Manicure Polishing Shape Tools for Beginners Home Salon Use,Purple",All Beauty,17.07,0.14,0,treatment,0,0
O000879,C_5192329,2021-08-15,B00XXZZCCU,"Pursoma Minerals Hot Tub Bath Treatment, 10.5 oz",All Beauty,6.77,0.2,0,treatment,0,1
O000880,C_5192329,2021-05-01,B01EUR8IPW,YOUTH LAB Daily Cleanser,All Beauty,8.08,0.13,0,control,1,0
O000881,C_5192329,2021-05-01,B08F4ZDVZQ,"TOUCH IN SOL Best of No Pore Blem Travel Kit - Face Makeup Primer, Big Pores Perfect Cover, Inner-Glowing Skin with Moisture, Long Lasting Makeup's Staying Kit",All Beauty,23.37,0.1,0,control,0,1
O000882,C_1986956,2018-06-23,B01DCSNO54,"Mariell Couture Bridal Hair Comb with Hand Painted Silver Leaves, Freshwater Pearls and Crystals",All Beauty,12.23,0.03,0,control,1,0
O000883,C_3708225,2015-12-13,B00LHZC4GA,"eb5 Collagen Boosting Serum, 1 fl.oz.",All Beauty,11.38,0.08,0,control,0,0
O000884,C_7369947,2015-01-24,B005B6GCN2,Glitter Eyeshadow Diamond Dust Professional Grade 48 Color Day & Night Eyeshadow 2 Palette Set,All Beauty,27.37,0.18,0,control,0,0
O000885,C_9841520,2017-04-18,B015SL9P1A,Tinksky 10pcs Chinese Medicine Acupressure Massage Rings (Random Color),All Beauty,23.74,0.11,0,control,1,0
O000886,C_5423648,2017-03-08,B01GFEMKES,"BeneU Makeup Bag Cosmetic Hanging Organizer Roll N Go Roll Up Foldable Clear Case Pouch Toiletry Organizer Multifunction Large Capacity for Cosmetics, Jewelry, Travel Accessories, Electronics(Black)",All Beauty,20.88,0.13,0,control,0,1
O000887,C_3563738,2020-01-24,B07T23FR6R,"Homost 3D Cat Eye Gel Nail Polish Set, 6 Colors UV LED Gel Nail Polish Kit, Gel Nail Manicure DIY Kit",All Beauty,8.99,0.14,0,control,1,0
O000888,C_6560242,2022-02-05,B08ZNLBJ5B,"Aldqtz 3PCS Large Star Matte Hair Claw Clips ,Big Nonslip Cute Strong Hold Jaw Clip for Thin Hair Long Hair Thick Hair ,Perfect Star Hair Claw Clips for Women Girls",All Beauty,12.95,0.08,0,control,0,1
O000889,C_6560242,2022-01-21,B0968RPKLF,YUHFERA Press on Nails Kit 30Pcs Fake Nails Short Coffin Nail Tips with Designs Solid Color Full Cover False Nails Set Artificial Acrylic Nails for DIY Nail Art Salon Women Girls Gift(Cyber),All Beauty,18.58,0.16,0,treatment,1,0
O000890,C_6560242,2022-01-21,B09H52W5LK,"LIGHT RAIN Press On Nails Medium - Fantasy Forest, Reusable Seven Layers UV Finish Fake Nails Short, Handmade by Licensed Nail Technician, Squoval Shape, Medium Size",All Beauty,13.56,0.0,0,treatment,0,1
O000891,C_6560242,2021-03-07,B08NTD1NM1,"Magnetic Eyelashes with Eyeliner, Invisible Magnetic Mink Magnetic Lashes Kits with 2 Liquid Eyeliner 6 Reusable Waterproof False Eyelashes, Eyelash Tweezers, Best Magnetic Eyeliner for Daily, Party",All Beauty,36.26,0.06,1,control,1,0
O000892,C_6560242,2020-12-20,B08F4ZDVZQ,"TOUCH IN SOL Best of No Pore Blem Travel Kit - Face Makeup Primer, Big Pores Perfect Cover, Inner-Glowing Skin with Moisture, Long Lasting Makeup's Staying Kit",All Beauty,7.8,0.13,1,treatment,0,0
O000893,C_6560242,2016-04-06,B00FQD0LNW,AGPtEK Handmade Natural Fashion Long False Eyelashes For Makeup (10 Pairs),All Beauty,50.5,0.22,0,treatment,1,0
O000894,C_6560242,2016-04-05,B01CURASWA,"Got Glamour Cuticle Pusher, Stainless Steel, Professional Series",All Beauty,13.05,0.14,1,treatment,1,0
O000895,C_6560242,2015-11-03,B00RIT53JO,Elegant Black Quality Plastic Shark Tooth / Comb Design Head Band / Hair Holder By VAGA,All Beauty,3.22,0.08,0,treatment,0,0
O000896,C_6560242,2014-08-28,B00K9E0SG8,"MISTIQ Instant Facelift Rapid Lifting & Tightening Spritz, Face Mist, Pore Minimizer & Makeup Foundation Primer. Get A Vibrant Glow Instantly",All Beauty,5.62,0.08,0,control,1,1
O000897,C_6020047,2021-12-20,B091DF3MPN,"Mon Etoile de Beaute - Daily Feminine Cleansing Wash, pH-Balanced, Boric Acid, Apple Scent, Sulfate-Free",All Beauty,12.21,0.18,0,treatment,1,1
O000898,C_6020047,2021-09-27,B09758QG59,"Resin Decorative Accessories Set, Resin Jewelery Making, Nail Art, Including Dried Flowers, Resin Flash Sequins, Gold Foil, Seashell,for Resin Crafts Beginners, Nail Art, DIY Making",All Beauty,34.81,0.06,0,control,1,1
O000899,C_6020047,2021-09-24,B08RYQXJ88,"GERSHION Pastel Gel Nail Polish Set, 6 Colors Gel Polish Set, Soak Off UV Lamp Gel Polish Kit, Nude Pink Yellow Green Color Nail Polish Kit, 7.5ml Gel Polish Kit H-10",All Beauty,34.53,0.1,0,control,0,0
O000900,C_6020047,2021-08-14,B08RMZXNH8,"Electric Nail Drill, USB Nail File Machine for Acrylic Nails, Portable Manicure Pedicure Polishing Tool Efile Nail Supplies with Nail Drill Bits Set for Home and Salon Use",All Beauty,37.71,0.06,0,control,1,1
O000901,C_6020047,2021-07-15,B09473GGM4,Tirtyl Hand Soap Sheet Variety Pack - 240 Pack with Portable Storage Tin - Camping/Outdoor/Travel/Handbag - Lavender & Aloe - Bergamot & Ylang Ylang - Jasmine & Patchouli,All Beauty,12.64,0.02,0,treatment,0,0
O000902,C_6020047,2021-04-23,B08HTZKMJ5,"Lash Lift Kit,Cuckoo Upgraded Eyelash Lift Kit,Eyelash Perm Kit,Professional Semi-Permanent Curling Perming Wave Suitable For Salon,Lash Lift",All Beauty,45.89,0.0,0,control,1,1
O000903,C_6020047,2021-04-18,B08QYW2FJ2,Fog-free Dental Mirror and 4 Pieces of Stainless Steel Dental Pick Professional Oral Care Kit for Family including Dogs Oral Care,All Beauty,27.6,0.12,0,treatment,1,1
O000904,C_6020047,2021-02-24,B08L632WH7,anmas rucci Acrylic Nail Art Tools Kit Set Colorful Glitter Nail Rhinestones Acrylic Nail Art Curved Tweezer 3D Nail Butterfly Sticker Manicure Color Rhinestones #F,All Beauty,17.84,0.07,0,control,0,1
O000905,C_6020047,2020-10-26,B08G15JBYN,"Butterfly Nail Art Decals Water Transfer Stickers, 22 Sheets Butterfly Nail Sticker DIY Nail Decals, 2 Set Butterfly Nail Glitter Holographic Stickers Reflected Butterfly Designs for Nails Supply",All Beauty,23.15,0.0,0,control,1,0
O000906,C_5657564,2019-10-24,B01FS5PJNE,"Sarah Jessica Parker Lovely Shower Gel | SJP Body Wash for Women, 6.7 oz/200 mL",All Beauty,17.78,0.02,0,treatment,0,0
O000907,C_3975023,2021-06-22,B08Z3J6J56,"Wax Strips Hair Removal Ready-To-Use Waxing Strips for Body Bikini Brazilian Hair Removal Wax Strips, Women Men At ​Home Waxing Kit,12 Wax Strips+2 Wax Wipes (Pink)",All Beauty,134.94,0.11,1,control,0,0
O000908,C_3975023,2021-06-22,B08XJZR3S9,MICPANG Electric Eyebrow Trimmer Precision Electric Eyebrow Razor for Women Battery-Operated Facial Hair Remover with Comb (Pink),All Beauty,36.87,0.11,0,control,1,0
O000909,C_3975023,2021-06-11,B0919LJ9WT,"18 Pack Hair Ties,Spiral elastics, Multi Color Hair Scrunchies, No Crease Spiral Hair Elastics,Hair ties for women",All Beauty,23.94,0.22,0,control,0,0
O000910,C_6110118,2021-09-05,B095H936ZB,Sallcks Long Black Wavy Wigs for Women Long Curly Wavy Wig with Blonde Highlight Middle Part Cosplay Halloween Synthetic Hair Full Wig for Women (Black Blonde),All Beauty,30.58,0.02,0,control,0,0
O000911,C_6110118,2021-01-16,B08CVTNQP1,"Disney Frozen - Townley Girl Mega Nail Set with Nail Dryer Foldable Gift Set for Parties, Sleepovers and Makeovers",All Beauty,11.4,0.05,0,control,1,0
O000912,C_6110118,2021-01-09,B08JZD8HN4,"12 Sheets 3D Iridescent Butterfly Nail Art Stickers for Fingernail Toenail, Self-Adhesive Butterfly Nail Decals, Holographic Glittery Butterfly Nail Decorations for Women Girls",All Beauty,33.31,0.14,0,control,1,1
O000913,C_6110118,2020-08-12,B07Z548TKH,"Face and Body Paint Kit By Color Technik 24 Professional Oil Based Flash Colors, 2 Sets of 12 Color Palettes, 6 Paint Brushes 70 Stencils 2 Sponges Non-Toxic For Adults & Kids Halloween Painting Party",All Beauty,20.63,0.03,0,control,0,1
O000914,C_6110118,2020-04-11,B07VQR3W3Z,"Hair Scrunchies for women,Including 3 Pcs Long Silk Satin Hair Scarf & 3 Pcs Bunny Ear Scrunchies & 3 Pcs Elastic Hair Bands Scrunchy and 7Pcs Pearl Hair Clips,(16Pcs/9Colors)",All Beauty,20.76,0.06,0,treatment,0,0
O000915,C_6110118,2020-03-14,B082MDFNZM,"Baasha 4 Pcs Paddle Brush Set, Detangling Brush and Hair Comb Set, Thick Hair Brush Set for Men & Women, No More Tangle Hairbrush Comb Set, Hair Care Gift Set Hair Brush Comb Set",All Beauty,28.41,0.0,0,treatment,1,0
O000916,C_6110118,2020-03-09,B082TSD9HN,8 Pcs Unicorn Butterfly Hair Clips Alligator Glitter Barrette Hair Clips For Little Girls (as pic),All Beauty,30.04,0.23,0,treatment,1,0
O000917,C_6110118,2020-03-07,B07XVNJFNF,"100pcs Premium Quality Hair Clips, 20 Glossy Colors Snap Hair Clips, 2 Inch Hair Barrettes with Perfect Grip, Durable Colorful Hair Clips with Smooth Edges for Kids, Girls, Women",All Beauty,5.29,0.21,0,control,0,1
O000918,C_6110118,2020-01-29,B081M5R5L5,"QIC 4D Silk Fiber Lash Mascara, Fiber Mascara, Waterproof Mascara, Natural Thick Thickening and Lengthening Mascara Lasting All Day",All Beauty,9.35,0.12,0,treatment,1,1
O000919,C_6110118,2020-01-23,B0815TNMTL,"Headbands Hair Bands Wraps for Women, Boho Floal Style Criss Cross for Sports Yoga Running Hiking Beauty Makeup Party Daily Decoration - 8 Pack",All Beauty,21.14,0.1,0,treatment,0,0
O000920,C_6110118,2020-01-18,B07RWRBF6K,10 PCS Rhinestone Hair Clips for Women and Ladies Shining Crystal Snap Clips Different Color Rhinestone Hair Pins Hair Barrettes for Party Wedding Daily Hair Decorative,All Beauty,9.87,0.09,0,control,1,1
O000921,C_6110118,2020-01-13,B082VS3W6R,"Nail Files and Buffers, TsMADDTs Professional Manicure Tools Kit 8pcs Nail File Set, Sanding Buffer and 100 Grit File Double Surfaces 2 in 1 Nail Tools",All Beauty,25.06,0.02,0,control,0,0
O000922,C_6110118,2019-12-27,B0828W2HXQ,KOMOREBI Snap Hair Clips 36Pcs with Hair Ties 50Pcs Beauty Candy Color Metal Hair Clips for Women girls Kids Toddlers,All Beauty,10.63,0.13,0,treatment,0,1
O000923,C_6110118,2019-12-27,B07ZYY4QSX,Aegenacess Wedding Hair Side Combs Silver Decorative Rhinestones Crystal Vintage Bridal Clips Accessories for Brides and Bridesmaids,All Beauty,16.01,0.08,0,treatment,1,0
O000924,C_6110118,2019-12-20,B07T3WQPRF,"6 Pcs Pink Baby Girl Hair Bow Clips Set, Alligator Clip Hair Accessories with Gift Box, Back to School Dress",All Beauty,19.45,0.08,0,treatment,1,1
O000925,C_6110118,2019-12-18,B07YB1CMFT,"Baby Girl Hair Clips Bows Flowers,Hair Accessories for toddler Kids Teens (Multicolored ASHXT8990 Flower)",All Beauty,9.36,0.18,0,control,0,0
O000926,C_6110118,2019-05-26,B07DPMFTLY,"PARWIN Wet & Dry Flat Iron 1 1/4 Inch Hair Straightener for Women with Tourmaline Ceramic and PTC Heating, Professional Straightening Iron, Black",All Beauty,21.79,0.2,0,control,0,0
O000927,C_6110118,2005-08-09,B000068PBJ,Norelco 8894XL,All Beauty,28.23,0.08,0,treatment,0,0
O000928,C_4743951,2020-10-27,B073T51X3V,"Prima Wipes Adult Washcloths, 48 Extra-large Wipes Per Pack (3 Packs)",All Beauty,13.7,0.16,0,control,1,1
O000929,C_2394353,2021-04-17,B08P58XSTQ,"26 pcs letters Hairpin, hair clips for women hair accessories, DIY barrettes",All Beauty,8.34,0.07,0,control,1,0
O000930,C_2394353,2021-03-25,B08NC4378M,Plant Therapy Natural Acetone Free Nail Polish Remover 6 fl oz One Touch Dispensing Bottle with Flip Top Cap Tropical Flower Scent,All Beauty,17.19,0.17,0,treatment,1,0
O000931,C_2969905,2016-10-11,B0C3LVTX2V,ANOGOL Free Cap + Purple Mix Pink Cosplay Wig with Ponytail for Cosplay Costume Party Halloween,All Beauty,18.45,0.08,0,treatment,0,0
O000932,C_2969905,2016-07-18,B01HCHPY1S,Dragonhawk Rotary Tattoo Machine Space Aluminum Machine for Tattoo Artists Coloring Black,All Beauty,37.13,0.0,0,control,1,1
O000933,C_2969905,2016-07-18,B003NTFDFM,"Super Detox - Organic Deep Pore Facial Cleanser with Activated Charcoal, Green Tea, and Argan Oil 4.3 oz",All Beauty,20.76,0.16,0,control,1,0
O000934,C_2969905,2016-07-09,B002E4VK40,"Rose Crystal Organic Rosewater Hydrating Facial Toner with Essential Oils, Pomegranate, and Rose Quartz Gem Elixir by Angel Face Botanicals",All Beauty,5.55,0.12,0,control,0,0
O000935,C_2969905,2016-06-30,B01EUISB9Y,Argus Le Waterproof Electric Facial and Body Cleansing Brush Facial Massager Natural Face Cleanser for Women & Men- Stimulate Collagen - Pore Minimizer - Acne Scar Treatment -Reveal a Youthful Skin,All Beauty,52.93,0.0,0,control,1,0
O000936,C_2969905,2016-04-20,B018YFOSIW,"Bath Gift Set for Her Blackberry Sage - Organic with Soap Bar, Bubble Bath, Sugar Scrub & Bath Pillow - Top Birthday and Christmas Gift Ideas for Women",All Beauty,16.4,0.04,0,treatment,1,1
O000937,C_2969905,2015-12-26,B012Q9NGE4,"Moroccan Argan Oil Shampoo, 8 Fl Oz - Smooths and Repairs - Sulfate Free - Natural - Imported from Morocco by Pure Body Naturals",All Beauty,34.3,0.17,0,control,1,1
O000938,C_6269642,2021-03-30,B0791LZNK9,"DESIGNLINE Root Boost Volumizing Foam, 9 oz - Regis Ultra-Firm Hold Volumizer Mousse Style Spray",All Beauty,43.47,0.0,0,treatment,0,1
O000939,C_2307596,2022-05-24,B09Y4T49MG,Find Your Happy Place Moisturizing Body Lotion Sunkissed Ocean Waves 10 fl oz,All Beauty,20.23,0.12,0,treatment,0,1
O000940,C_2307596,2021-12-05,B07RRR2PJ4,"Vila Tweezers for Eyebrows, 4 Inches, Stainless Steel with 25-Degree Slanted Tip Plucker, Useful for Pulling Splinters, Ingrown Hair, or Picking up Tiny Objects",All Beauty,12.87,0.09,0,treatment,1,0
O000941,C_9692916,2021-04-08,B07Y2WSGVW,"Pursoma Beyond The Body After the Class Post Workout Soak, 9 oz",All Beauty,52.1,0.13,0,treatment,0,1
O000942,C_9692916,2019-12-23,B0819CS9D7,12 Packs 8 x 6 Inches Blank Makeup Bags Cotton Canvas Pencil Pouches with Zipper Multi-Purpose Travel Toiletry Bag,All Beauty,19.69,0.18,0,treatment,0,0
O000943,C_9692916,2013-08-01,B00B0UGRKG,Set of 6 Fashion Headbands Fabric Wrapped Plastic Hair Bands #44108,All Beauty,8.49,0.02,0,control,1,1
O000944,C_8988340,2016-02-05,B012Q9NGE4,"Moroccan Argan Oil Shampoo, 8 Fl Oz - Smooths and Repairs - Sulfate Free - Natural - Imported from Morocco by Pure Body Naturals",All Beauty,32.24,0.05,0,control,1,0
O000945,C_5909248,2021-08-28,B081JXSP48,Sorry Mom Tato Lotion Aftercare Cream - Tattoo Brightener & Moisturizer to Revive & Refresh Tattoos - Tattoo Lotion Color Enhancement - Tattoo Balm & Enhancing Lotion for Daily Tattoo Care (3.4 oz),All Beauty,24.24,0.11,0,treatment,1,1
O000946,C_5909248,2020-03-28,B07WNBZQGT,SERUM By MERLOT - RESVERATROL - NATURAL ANTI-AGING - DAMAGE CORRECTOR - BOOST COLLAGEN - 1 FL OZ. - DARK CIRCLE CORRECTOR -,All Beauty,23.14,0.2,0,control,0,0
O000947,C_5909248,2016-11-28,B01LZ8SL9N,Finalmation Pet Desheding Tool - Dog & Cat Brush Glove - Gentle Grooming Mitt Your Pet Bath Brushes,All Beauty,20.04,0.15,0,treatment,1,0
O000948,C_2147205,2019-05-02,B07JJHCQPF,Binwwede Simple Velvet Cross Hair Hoop Retro Middle Knot Wide Edge Headband (Black),All Beauty,22.42,0.21,0,control,1,0
O000949,C_6902673,2018-12-17,B077W2RCN7,Dermacol Make-up Cover - Waterproof Hypoallergenic Foundation 30g 100% Original Guaranteed (207),All Beauty,23.54,0.02,0,treatment,0,0
O000950,C_3643209,2020-10-06,B07ZS7K6GZ,"Amope Pedimask Foot Sock Mask (1 Pair), Blend of Moisturizers Lavender Oil Essence (Pack of 3)",All Beauty,12.26,0.0,0,treatment,1,0
O000951,C_3402889,2021-01-11,B01HN7GN9E,IROIRO Premium Natural Semi-Permanent Hair Color 105 Plum (8oz),All Beauty,13.05,0.05,0,control,0,0
O000952,C_1682215,2022-08-08,B00C0YZBJE,Salerm Color Reverse,All Beauty,19.39,0.08,0,control,0,0
O000953,C_1682215,2021-07-21,B08QMK58J6,"HOMOST Glow in The Dark Cat Eye Gel Nail Polish Set, 6PCS Magnetic Gel Nail Polish Set with Magnet (Black Gel Base Not Included)",All Beauty,10.27,0.19,0,treatment,0,0
O000954,C_1682215,2021-06-06,B08D38R8GY,12 Pieces Silicone Stir Sticks Silicone Stirring Rods with Silicone Makeup Brush Silicone Epoxy Brush for Cosmetic Epoxy Paint Glitter Tumblers DIY Crafts (4 Inch),All Beauty,44.23,0.03,0,treatment,0,0
O000955,C_3837939,2021-02-27,B08D9CK7NM,"Aivwis 100 PCS Baby Hair Ties, Cotton Mini Hair Ties, Soft Seamless Small Hair Ties, Elastic Ponytail Holders, for Baby Toddlers Girls Kids, 1 Inch in Diameter (Spring Color)",All Beauty,9.49,0.14,0,control,1,0
O000956,C_4294474,2021-07-21,B08T5RVSD9,Msmofei Make up Brushes 14PCs Makeup Brush Set Professional Premium Synthetic Foundation Blending Face Powder Eye Shadows Blush Makeup Brush Kit Green Comestic Brushes with Green leather Case,All Beauty,30.09,0.0,0,control,1,0
O000957,C_4294474,2021-02-28,B08RHMK2GL,"Jade Roller for Face, Eye, Neck Stone Face Massager for Women Skin Care at Home Anti-Aging Gemstone Face Roller",All Beauty,33.3,0.01,0,treatment,0,0
O000958,C_4294474,2021-02-28,B07JC3GQQM,"ikoo Don't Apologize Volumizing Conditioner for Fine, Thin or Flat Hair, Adds Volume, Body & Thickens, Cruelty Free, Vegan, Paraben Free, Silicone Free, Travel Size - 3.4 Fl Oz",All Beauty,7.27,0.14,0,control,0,0
O000959,C_4294474,2020-12-12,B08MFT9ZZ9,Solpri Shield Lemongrass & Tea Tree Foot Salt Soak for Fungus Athlete's Foot Dry Cracked Feet 1 lb (16 oz),All Beauty,26.81,0.12,0,treatment,0,1
O000960,C_4294474,2020-10-28,B08BCK4KPS,"Permanent Hair Removal for Women,Painless Hair Removal device with 500000 flashes ice function,Laser Hair Removal is used for Body Armpits Back Legs Arms Face Bikini Line (Green)",All Beauty,28.23,0.1,0,treatment,0,0
O000961,C_4294474,2020-10-18,B08G5YVHQP,"Panama Jack Sunscreen Lip Balm - SPF 45, Tropical & Mango 6 Pack Plus, Broad Spectrum UVA-UVB Sunscreen Protection, Prevents & Soothes Dry, Chapped Lips",All Beauty,11.76,0.0,0,control,0,1
O000962,C_4294474,2020-10-10,B08DXLRTSB,"Laloirelle Luminous Face Oil - Organic Pomegranate Oil, Cacao Oil Infused W/Brightening White Peony Root, Marigold Flower, Lotus Leaf - Glowing Skin That Feels Hydrated, Plump and Firm - 1.0 fl oz",All Beauty,7.19,0.09,0,treatment,0,1
O000963,C_4294474,2020-08-09,B08C24Q6LB,"JDO Eyelash Curler and 4D Silk Fiber Lash Mascara Value Set-Lash Curler with Refill Pads for No Pinching or Pulling, Mascara Natural Thickening- Long Lasting Waterproof & Smudge-Proof",All Beauty,31.81,0.06,0,treatment,0,0
O000964,C_4294474,2020-08-02,B089RLLT5C,Purple Hair Mask for Blonde with Keratin & Jojoba Oil - Platinum & Silver Hair - Instantly Eliminate Brassiness & Yellows - Made in USA - Hair Toner - Bleached & Highlighted Hair - Sulfate Free - 8 oz,All Beauty,32.76,0.1,0,treatment,0,0
O000965,C_4294474,2020-07-01,B07DKRK8ZW,"CESTLV Bamboo Charcoal Toothbrush + Toothpaste Kit (10 Pack Bulk), Hotel Amenities for Guest & Travel, BPA Free, Individually Boxed Dental Kits, Recyclable",All Beauty,31.49,0.0,0,treatment,1,1
O000966,C_4294474,2020-06-26,B01EK2F1PC,lilah b. - Bronzed Beauty Bronzer Duo - b. sunkissed - Multipurpose Bronzer Duo to Highlight + Contour and Blend,All Beauty,32.24,0.01,0,control,0,0
O000967,C_4294474,2020-05-23,B07RZZKXZZ,"I WOKE UP LIKE THIS Turn-over Rice Perfect Oil Foam Cleanser – A Hypoallergenic Cleansing oil, Foaming Face Wash with Rice Bran Extract. Makeup Removal, Deep Facial Cleansing for Sensitive Skin",All Beauty,20.53,0.07,0,treatment,1,0
O000968,C_4294474,2020-02-27,B07SQ1LK53,"Lovrio 20"" 20 Pcs 50g Glue Hair Extensions Piano Color Dirty Blonde mixed with Light Golden Blonde P18-22 Seamless in Human Hair Hair Extensions With Adhensive Tape",All Beauty,43.55,0.16,0,control,0,0
O000969,C_4294474,2020-01-19,B0749FXL1T,"Organic Labs - Eyelash & Eyebrow Growth Serum - Enhancer Treatment to Grow Natural, Lush, Lavish Eyelashes & Eyebrows - Best Rapid Brow & Lash Boost for Longer, Fuller Lashes and Thicker Brows",All Beauty,17.09,0.12,0,treatment,0,1
O000970,C_4294474,2019-12-21,B07J2QZBTP,"C.O. Bigelow No. 007 Dr Hiosous Quince Hand Lotion, 4 Ounces",All Beauty,26.87,0.16,0,treatment,1,1
O000971,C_4294474,2019-10-07,B076DBLG1K,"Natural Solution Himalayan Pink Salt Body Scrub with Organic Marula Essential Oil, Moisturizes and Nourishes Face & Skin - 12.3 Oz",All Beauty,8.62,0.15,0,control,1,0
O000972,C_0671755,2020-07-13,B08977LTB1,"Hair Cutting Scissors,Professional 7 inch Hairdressing Barber Scissors Hair Cutting Salon Shears for Men and Women,100% Stainless Steel Rust Resistant Hair Scissors,scissors for hair",All Beauty,39.91,0.09,0,treatment,0,0
O000973,C_7646893,2021-06-27,B0952LTVVB,Oreola Wire Hair Extensions 20 Inch 120 Gram Invisible Fish Line Hair Extensions Straight Ombre Natural Black Mixed Medium Brown Color #RP1B-6/1B,All Beauty,13.6,0.19,0,treatment,1,0
O000974,C_1218381,2020-07-23,B082WXHH4D,MQNY Jelly Plumpling Water Tint #02 Dahong Red 0.33 Ounce,All Beauty,49.0,0.11,0,treatment,0,0
O000975,C_6105716,2022-07-29,B07N8JMJGY,EarthWise Aromatics Lemon Balm - 100% Natural - 1 lb (16oz),All Beauty,29.25,0.0,0,treatment,0,0
O000976,C_3267132,2021-03-01,B08P6ZVFDW,"M-BOX Hair 12 Inch Wavy Bob Wig with Bangs Short Curly Bob Wigs Shoulder Length Synthetic Wigs for Women Burgundy Fluffy Pastel Colored Wigs for Girls (12"",#bug)",All Beauty,38.16,0.04,0,treatment,1,0
O000977,C_1393367,2021-11-04,B07XN46M34,2 Packs Stainless Steel Soap Hand Odor Remover Bar Eliminating Smells Like Onion Garlic Scents from Hands and Skin Kitchen Gadgets,All Beauty,5.2,0.22,0,control,0,0
O000978,C_7945477,2020-09-28,B07T8LY2K5,"Tattoo Practice Skin Silicone Pads, SOTICA 5Pcs 3MM Thick 7.87"" x 7.87"" Blank Tattoo Skin Practice with Elastric Strap Tattoo Art Training Tattooing and Microblading Fake Eyebrows latex Practice Skins",All Beauty,10.22,0.18,0,control,1,1
O000979,C_4363917,2021-01-30,B08QZ6H2G4,6 Pack Wide Headbands Plain Turban Headband with Faux Pearl Elastic Hair Hoops for Women Velvet Head Wrap No Slip Fashion Hair Accessories for Thanksgiving Day Birthday Party Gifts,All Beauty,20.43,0.15,0,treatment,1,0
O000980,C_1783644,2020-06-27,B07M5HB65T,"Lash Ease One Step Fiber Building Mascara- Black, Buildable Volume, Lengthens Natural Eyelashes, Lightweight, All Day Wear, 0.38oz",All Beauty,13.98,0.05,0,treatment,0,1
O000981,C_1783644,2020-02-21,B07V44KKPJ,SIQUK 9 Pieces Bow Knot Headband Wide Headbands with Bow Knotted Headband for Women and Girls,All Beauty,55.32,0.12,0,treatment,1,0
O000982,C_1783644,2019-09-04,B07S5GYK14,"Belifu Ionic Hair Straightener Brush Dual Voltage with Silicone Mat Pouch for Safe Storage, Straightening Comb Protect Sensitive Scalp, 30s Fast Ceramic Heating, Auto Off,with Comb Cleaner and Glove",All Beauty,75.98,0.04,0,control,1,0
O000983,C_8121330,2019-05-06,B07D9FTBCR,SKYMORE 4pcs Metallic Nail Polish Set Nail Art Kit Beauty Nail Art Set For Women Lady Girls,All Beauty,23.61,0.19,0,treatment,1,1
O000984,C_6982063,2022-02-22,B09G3KBK7Y,"Boiess Colognes Poppy mint For Moms, Babies & Kids | Natural Eau de Cologne | Clean & Fresh Scent | Children Fragrance For Soft & Sensitive Skin | Easy Use, Gentle on Baby | Size: 8.5 FL Oz",All Beauty,20.95,0.11,0,treatment,0,0
O000985,C_6982063,2021-10-20,B0966F9JZ1,"Begins Big Hair Claw Clips Claw Hair Clips for Women Girls, Durable Plastic Metal Spring Non- Stick MaterialFemale hair accessories , Strong Hold Jumbo Hair Jaw Clips,12Colors Available (Pack of 12)",All Beauty,17.04,0.12,0,treatment,1,1
O000986,C_6982063,2021-05-15,B01MA3LXIL,"Spanature Green Tea Hand & Body Lotion Travel Size Selection, 4 Pack, Revitalizing Moisturizer for Rough and Dry Skin, Nourishing and Gentle for All Skin Types, Made In Korea - 75 ml/2.53oz",All Beauty,15.34,0.1,0,treatment,1,0
O000987,C_6982063,2021-04-13,B08RD4MQT6,26 Inches Long Hair,All Beauty,29.33,0.07,0,control,1,0
O000988,C_6982063,2020-09-30,B08DRNK7PS,"10 Pairs Reusable Magnetic Eyelashes and 2 Tubes of Magnetic Eyeliner Kit, Upgraded 3D 5D Natural Look Magnetic Fake Lashes and Liner Set - No Glue Need",All Beauty,58.09,0.05,0,treatment,1,0
O000989,C_6982063,2020-08-22,B089R7S73D,"Bath Bombs, SAZEN Bath Bomb with Natural & Organic Essential Oils, Shea Coconut Butter for Skin Moisturize, Bubble Spa Bath, Birthday Mothers Day Christmas Handmade Gift Set for Women Kids Her Him",All Beauty,20.34,0.05,0,control,1,0
O000990,C_6982063,2020-07-30,B0BTJ6SYKB,"Shakira Perfumes - Dance for Women - Long Lasting - Femenine, Charming and Modern Perfume - Fruity Floral Notes - Ideal for Day Wear - 1.7 Fl Oz",All Beauty,26.53,0.03,0,treatment,1,1
O000991,C_6982063,2020-06-20,B087M39FJF,21°C 4 Pieces Detangling Brush and Hair Comb Set Knots Detangler Easy to Clean for Kinky Wavy Curly Coily Wet Dry Oil Thick Long Natural Hair(Pink),All Beauty,27.86,0.12,0,control,0,1
O000992,C_6982063,2020-06-11,B087D7MVHB,"2-Pack Puretize 16.9 Oz Hand Sanitizing Gel w/Pump Tops - Extra Strength 70% Ethyl Alcohol - Moisturizing Formula with Aloe Vera, Vitamin E & Botanical Extracts - Quick Drying Formula",All Beauty,38.72,0.04,0,control,0,0
O000993,C_6982063,2020-01-17,B082MTTFZD,"Wow the Crowd Eyelash Growth Serum for Full, Luscious, Long and Thick Lashes - Natural Formula (7mL), Clinically and Dermatologist Tested - Boost and Enhance Eyelashes and Brows",All Beauty,35.75,0.08,0,control,1,0
O000994,C_6982063,2019-12-24,B07NPWK167,"13.5 fl. Oz. Goat Milk Facial Cleanser, Moisturizing Face Wash for Women, Hydrating Natural Face Wash, Anti-aging Face Wash, Face Wash for Aging Ski",All Beauty,15.15,0.04,0,control,0,0
O000995,C_6982063,2019-10-24,B00TK0VV68,"Embryolisse Eau de Beaute Rosamelis Face Toner, 6.76 Fl Oz",Premium Beauty,18.64,0.03,0,treatment,0,1
O000996,C_6982063,2019-09-15,B07V9MKX7H,"Eye Mask for Puffy Eyes,Under Eye Patches,Dark Circles Under Eye Treatment,Eye Masks& Puffy Eyes Treatment, Eye Mask for Dark Circles（60 PCS)",All Beauty,7.57,0.05,0,treatment,0,0
O000997,C_1260601,2017-07-28,B0047V7MAY,"Cellex-C Age Less 15 Young Eyes Contour Gel, 0.5 Ounce",Premium Beauty,17.6,0.06,0,control,1,1
O000998,C_1260601,2015-01-17,B00AXXHCLY,"Long Dual Magnetic False Eyelashes, 0.2mm Ultra Thin 3D Reusable Fake Lashes, Full Size Natural Look 1 Pair 4 Pieces-173",All Beauty,25.05,0.14,0,treatment,1,1
O000999,C_1260601,2014-02-06,B00915QNQU,"""Cleopatra"" Fair Trade Wooden Hair Pins - Set of Four",All Beauty,9.75,0.01,0,control,0,1
O001000,C_5386072,2019-03-01,B07H6G9NKG,LittleB Bohemia Headband Gypsy Headdress Indian Peacock Feather Headpiece for Women and Girls.,All Beauty,15.8,0.03,0,control,0,0
